2026-02-05 15:23:25,055 - __main__ - INFO - 数据库表初始化完成
2026-02-05 15:23:25,056 - __main__ - INFO - component表存在
2026-02-05 15:23:25,058 - __main__ - INFO - component表列: ['id', 'category', 'type', 'model', 'package', 'supplier', 'quantity', 'unit', 'location', 'price', 'buy_time', 'channel', 'remark', 'img_path', 'attach_path', 'qrcode_path']
2026-02-05 15:23:26,342 - werkzeug - INFO - [31m[1mWARNING: This is a development server. Do not use it in a production deployment. Use a production WSGI server instead.[0m
 * Running on all addresses (0.0.0.0)
 * Running on http://127.0.0.1:5000
 * Running on http://192.168.3.51:5000
2026-02-05 15:23:26,342 - werkzeug - INFO - [33mPress CTRL+C to quit[0m
2026-02-05 15:23:28,662 - werkzeug - INFO - 127.0.0.1 - - [05/Feb/2026 15:23:28] "GET / HTTP/1.1" 200 -
2026-02-05 15:23:30,573 - werkzeug - INFO - 127.0.0.1 - - [05/Feb/2026 15:23:30] "[36mGET /static/img/Sn63Pb37_1.2mm_40g_永佳润_高纯度体验版_焊锡丝1.2mm_40G_-_20260205145007_5a733f.jpg HTTP/1.1[0m" 304 -
2026-02-05 15:23:38,741 - werkzeug - INFO - 127.0.0.1 - - [05/Feb/2026 15:23:38] "[36mGET /static/qrcode/QR_40_永佳润%20高纯度体验版%20焊锡丝1.2mm_40G_20260205145535.png HTTP/1.1[0m" 304 -
2026-02-05 15:23:39,051 - werkzeug - INFO - 127.0.0.1 - - [05/Feb/2026 15:23:39] "[36mGET /static/qrcode/QR_39_永佳润%20高纯度体验版%20焊锡丝0.6mm_40G_20260205145535.png HTTP/1.1[0m" 304 -
2026-02-05 15:23:39,058 - werkzeug - INFO - 127.0.0.1 - - [05/Feb/2026 15:23:39] "[36mGET /static/qrcode/QR_37_1个P沟道%20耐压30V%20电流4.2A_20260205145535.png HTTP/1.1[0m" 304 -
2026-02-05 15:23:39,060 - werkzeug - INFO - 127.0.0.1 - - [05/Feb/2026 15:23:39] "[36mGET /static/qrcode/QR_38_亚润松香助焊剂%20纯度高电焊松香_20260205145535.png HTTP/1.1[0m" 304 -
2026-02-05 15:23:39,071 - werkzeug - INFO - 127.0.0.1 - - [05/Feb/2026 15:23:39] "[36mGET /static/qrcode/QR_36_1个N沟道%20耐压30V%20电流5.8A_20260205145534.png HTTP/1.1[0m" 304 -
2026-02-05 15:23:39,072 - werkzeug - INFO - 127.0.0.1 - - [05/Feb/2026 15:23:39] "[36mGET /static/qrcode/QR_35_500mA线性锂离子电池充电器_20260205145534.png HTTP/1.1[0m" 304 -
2026-02-05 15:23:39,076 - werkzeug - INFO - 127.0.0.1 - - [05/Feb/2026 15:23:39] "[36mGET /static/qrcode/QR_34_YSX321SL%2032MHZ%204P%203225%2012PF%20±10PPM%20-40~85℃_20260205145534.png HTTP/1.1[0m" 304 -
2026-02-05 15:23:39,373 - werkzeug - INFO - 127.0.0.1 - - [05/Feb/2026 15:23:39] "[36mGET /static/qrcode/QR_33_YSX321SL%2012MHZ%204P%203225%2020PF%20±10PPM%20-40~85℃_20260205145534.png HTTP/1.1[0m" 304 -
2026-02-05 15:23:39,396 - werkzeug - INFO - 127.0.0.1 - - [05/Feb/2026 15:23:39] "[36mGET /static/qrcode/QR_32_YSX321SL%208MHZ%204P%203225%2020PF%20±10PPM%20-40~85℃_20260205145534.png HTTP/1.1[0m" 304 -
2026-02-05 15:23:39,400 - werkzeug - INFO - 127.0.0.1 - - [05/Feb/2026 15:23:39] "[36mGET /static/qrcode/QR_31_电压40V%20电流1A_20260205145534.png HTTP/1.1[0m" 304 -
2026-02-05 15:23:39,404 - werkzeug - INFO - 127.0.0.1 - - [05/Feb/2026 15:23:39] "[36mGET /static/qrcode/QR_30_开关二极管_20260205145534.png HTTP/1.1[0m" 304 -
2026-02-05 15:23:39,410 - werkzeug - INFO - 127.0.0.1 - - [05/Feb/2026 15:23:39] "[36mGET /static/qrcode/QR_29_hFE:200-350%20NPN%20电流500mA%20电压25V_20260205145534.png HTTP/1.1[0m" 304 -
2026-02-05 15:23:39,415 - werkzeug - INFO - 127.0.0.1 - - [05/Feb/2026 15:23:39] "[36mGET /static/qrcode/QR_28_H档200-350%20PNP%20电流1.5A%20电压25V_20260205145534.png HTTP/1.1[0m" 304 -
2026-02-05 15:23:39,686 - werkzeug - INFO - 127.0.0.1 - - [05/Feb/2026 15:23:39] "[36mGET /static/qrcode/QR_27_hFE:100-300%20NPN%20电流200mA%20电压40V_20260205145534.png HTTP/1.1[0m" 304 -
2026-02-05 15:23:39,716 - werkzeug - INFO - 127.0.0.1 - - [05/Feb/2026 15:23:39] "[36mGET /static/qrcode/QR_26_1kV%20电流1A_20260205145534.png HTTP/1.1[0m" 304 -
2026-02-05 15:23:39,720 - werkzeug - INFO - 127.0.0.1 - - [05/Feb/2026 15:23:39] "[36mGET /static/qrcode/QR_25_1x6P%20间距2mm%20直插%20PH系列_20260205145534.png HTTP/1.1[0m" 304 -
2026-02-05 15:23:39,729 - werkzeug - INFO - 127.0.0.1 - - [05/Feb/2026 15:23:39] "[36mGET /static/qrcode/QR_24_1x2P%20间距2.5mm%20直插%20XH系列_20260205145534.png HTTP/1.1[0m" 304 -
2026-02-05 15:23:39,735 - werkzeug - INFO - 127.0.0.1 - - [05/Feb/2026 15:23:39] "[36mGET /static/qrcode/QR_23_1x2P%20间距2mm%20直插%20PH系列_20260205145533.png HTTP/1.1[0m" 304 -
2026-02-05 15:23:39,737 - werkzeug - INFO - 127.0.0.1 - - [05/Feb/2026 15:23:39] "[36mGET /static/qrcode/QR_22_1x4P%20间距2.5mm%20直插%20XH系列_20260205145533.png HTTP/1.1[0m" 304 -
2026-02-05 15:23:39,744 - werkzeug - INFO - 127.0.0.1 - - [05/Feb/2026 15:23:39] "[36mGET /static/qrcode/QR_21_1x6P%20间距2.54mm%20直插_20260205145533.png HTTP/1.1[0m" 304 -
2026-02-05 15:23:39,997 - werkzeug - INFO - 127.0.0.1 - - [05/Feb/2026 15:23:39] "[36mGET /static/qrcode/QR_20_FFC排线0.5mm%204P总长100mm%20同向%20金手指4p_20260205145533.png HTTP/1.1[0m" 304 -
2026-02-05 15:23:40,034 - werkzeug - INFO - 127.0.0.1 - - [05/Feb/2026 15:23:40] "[36mGET /static/qrcode/QR_19_UMW%20SN74LVC1G3157%20二选一模拟开关电路_20260205145533.png HTTP/1.1[0m" 304 -
2026-02-05 15:25:05,433 - werkzeug - INFO - 127.0.0.1 - - [05/Feb/2026 15:25:05] "GET /bom_import HTTP/1.1" 200 -
2026-02-05 15:25:27,877 - werkzeug - INFO - 127.0.0.1 - - [05/Feb/2026 15:25:27] "GET /bom_import HTTP/1.1" 200 -
2026-02-05 15:25:56,270 - werkzeug - INFO - 127.0.0.1 - - [05/Feb/2026 15:25:56] "POST /parse_bom_data HTTP/1.1" 200 -
2026-02-05 15:26:18,142 - __main__ - WARNING - 第1行数量转换失败: 25个, 错误: invalid literal for int() with base 10: '25个'
2026-02-05 15:26:18,143 - __main__ - DEBUG - 第1行映射结果: {'category': '2N3904S-RTK/PS', 'type': '三极管(BJT)', 'model': 'NPN 电流200mA 电压40V', 'package': 'SOT-23', 'supplier': '未知供应商', 'quantity': 0, 'unit': '个', 'location': '未知位置', 'price': 0.0, 'buy_time': '2026-02-05', 'channel': '未知', 'remark': '无'}
2026-02-05 15:26:18,143 - __main__ - WARNING - 第2行数量转换失败: 5个, 错误: invalid literal for int() with base 10: '5个'
2026-02-05 15:26:18,144 - __main__ - DEBUG - 第2行映射结果: {'category': 'GS8632-MR', 'type': '运算放大器', 'model': '6MHz 轨到轨I/O输出，CMOS', 'package': 'MSOP-8', 'supplier': '未知供应商', 'quantity': 0, 'unit': '个', 'location': '未知位置', 'price': 0.0, 'buy_time': '2026-02-05', 'channel': '未知', 'remark': '无'}
2026-02-05 15:26:18,144 - __main__ - WARNING - 第3行数量转换失败: 5个, 错误: invalid literal for int() with base 10: '5个'
2026-02-05 15:26:18,145 - __main__ - DEBUG - 第3行映射结果: {'category': 'XC6206P332MR-G', 'type': '线性稳压器(LDO)', 'model': '3.3V 电流200mA 耐压6V', 'package': 'SOT-23-3L', 'supplier': '未知供应商', 'quantity': 0, 'unit': '个', 'location': '未知位置', 'price': 0.0, 'buy_time': '2026-02-05', 'channel': '未知', 'remark': '无'}
2026-02-05 15:26:18,145 - __main__ - WARNING - 第4行数量转换失败: 40个, 错误: invalid literal for int() with base 10: '40个'
2026-02-05 15:26:18,146 - __main__ - DEBUG - 第4行映射结果: {'category': 'GZ1608D102TF', 'type': '磁珠', 'model': '单路 阻抗1kΩ@100MHz', 'package': '0603', 'supplier': '未知供应商', 'quantity': 0, 'unit': '个', 'location': '未知位置', 'price': 0.0, 'buy_time': '2026-02-05', 'channel': '未知', 'remark': '无'}
2026-02-05 15:26:18,146 - __main__ - WARNING - 第5行数量转换失败: 5个, 错误: invalid literal for int() with base 10: '5个'
2026-02-05 15:26:18,146 - __main__ - DEBUG - 第5行映射结果: {'category': 'LMV358IDR', 'type': '运算放大器', 'model': 'CMOS，轨到轨通用放大器', 'package': 'SOP-8', 'supplier': '未知供应商', 'quantity': 0, 'unit': '个', 'location': '未知位置', 'price': 0.0, 'buy_time': '2026-02-05', 'channel': '未知', 'remark': '无'}
2026-02-05 15:26:18,147 - __main__ - WARNING - 第6行数量转换失败: 50个, 错误: invalid literal for int() with base 10: '50个'
2026-02-05 15:26:18,147 - __main__ - DEBUG - 第6行映射结果: {'category': 'XC6206P332MR', 'type': '线性稳压器(LDO)', 'model': '3.3V 耐压6V', 'package': 'SOT-23', 'supplier': '未知供应商', 'quantity': 0, 'unit': '个', 'location': '未知位置', 'price': 0.0, 'buy_time': '2026-02-05', 'channel': '未知', 'remark': '无'}
2026-02-05 15:26:18,147 - __main__ - WARNING - 第7行数量转换失败: 10个, 错误: invalid literal for int() with base 10: '10个'
2026-02-05 15:26:18,148 - __main__ - DEBUG - 第7行映射结果: {'category': 'SMBJ24CA', 'type': '静电和浪涌保护(TVS/ESD)', 'model': '双向TVS 24V截止 峰值脉冲电流15.4A', 'package': 'DO-214AA(SMB)', 'supplier': '未知供应商', 'quantity': 0, 'unit': '个', 'location': '未知位置', 'price': 0.0, 'buy_time': '2026-02-05', 'channel': '未知', 'remark': '无'}
2026-02-05 15:26:18,148 - __main__ - WARNING - 第8行数量转换失败: 10个, 错误: invalid literal for int() with base 10: '10个'
2026-02-05 15:26:18,149 - __main__ - DEBUG - 第8行映射结果: {'category': 'PSM712-LF-T7', 'type': '静电和浪涌保护(TVS/ESD)', 'model': 'TVS 12V 7V截止 峰值浪涌电流17A@8/20us', 'package': 'SOT-23', 'supplier': '未知供应商', 'quantity': 0, 'unit': '个', 'location': '未知位置', 'price': 0.0, 'buy_time': '2026-02-05', 'channel': '未知', 'remark': '无'}
2026-02-05 15:26:18,149 - __main__ - WARNING - 第9行数量转换失败: 10个, 错误: invalid literal for int() with base 10: '10个'
2026-02-05 15:26:18,149 - __main__ - DEBUG - 第9行映射结果: {'category': 'TPRT9013-33GB', 'type': '线性稳压器(LDO)', 'model': '3.3V 电流500mA 耐压7V', 'package': 'SOT-23-5', 'supplier': '未知供应商', 'quantity': 0, 'unit': '个', 'location': '未知位置', 'price': 0.0, 'buy_time': '2026-02-05', 'channel': '未知', 'remark': '无'}
2026-02-05 15:26:18,149 - __main__ - WARNING - 第10行数量转换失败: 10个, 错误: invalid literal for int() with base 10: '10个'
2026-02-05 15:26:18,149 - __main__ - DEBUG - 第10行映射结果: {'category': 'AZC099-04S', 'type': '静电和浪涌保护(TVS/ESD)', 'model': '5V截止 峰值浪涌电流4.7A@8/20us', 'package': 'SOT-23-6', 'supplier': '未知供应商', 'quantity': 0, 'unit': '个', 'location': '未知位置', 'price': 0.0, 'buy_time': '2026-02-05', 'channel': '未知', 'remark': '无'}
2026-02-05 15:26:18,150 - __main__ - WARNING - 第11行数量转换失败: 5个, 错误: invalid literal for int() with base 10: '5个'
2026-02-05 15:26:18,150 - __main__ - DEBUG - 第11行映射结果: {'category': 'ZX-XH2.54-3PWT', 'type': '线对板针座', 'model': '1x3P 间距2.5mm 卧贴 XH系列', 'package': 'SMD,P=2.5mm', 'supplier': '未知供应商', 'quantity': 0, 'unit': '个', 'location': '未知位置', 'price': 0.0, 'buy_time': '2026-02-05', 'channel': '未知', 'remark': '无'}
2026-02-05 15:26:18,150 - __main__ - WARNING - 第12行数量转换失败: 5个, 错误: invalid literal for int() with base 10: '5个'
2026-02-05 15:26:18,150 - __main__ - DEBUG - 第12行映射结果: {'category': 'ZX-DGRC-5.08-3P', 'type': '插拔式接线端子', 'model': '1x3P 间距5.08mm 排数1 每排3P', 'package': '弯插,P=5.08mm', 'supplier': '未知供应商', 'quantity': 0, 'unit': '个', 'location': '未知位置', 'price': 0.0, 'buy_time': '2026-02-05', 'channel': '未知', 'remark': '无'}
2026-02-05 15:26:18,150 - __main__ - WARNING - 第13行数量转换失败: 5个, 错误: invalid literal for int() with base 10: '5个'
2026-02-05 15:26:18,151 - __main__ - DEBUG - 第13行映射结果: {'category': 'ZX-PM2.54-1-16PY', 'type': '排母', 'model': '1x16P 间距2.54mm 直插', 'package': '插件,P=2.54mm', 'supplier': '未知供应商', 'quantity': 0, 'unit': '个', 'location': '未知位置', 'price': 0.0, 'buy_time': '2026-02-05', 'channel': '未知', 'remark': '无'}
2026-02-05 15:26:18,151 - __main__ - WARNING - 第14行数量转换失败: 10个, 错误: invalid literal for int() with base 10: '10个'
2026-02-05 15:26:18,151 - __main__ - DEBUG - 第14行映射结果: {'category': 'ZX-0.5FPC-2H-QFX8P', 'type': 'FFC/FPC连接器', 'model': '翻盖式下接 8P 间距0.5mm', 'package': 'SMD,P=0.5mm', 'supplier': '未知供应商', 'quantity': 0, 'unit': '个', 'location': '未知位置', 'price': 0.0, 'buy_time': '2026-02-05', 'channel': '未知', 'remark': '无'}
2026-02-05 15:26:18,151 - __main__ - WARNING - 第15行数量转换失败: 10个, 错误: invalid literal for int() with base 10: '10个'
2026-02-05 15:26:18,151 - __main__ - DEBUG - 第15行映射结果: {'category': 'ZX-MX1.25-2PLT', 'type': '线对板针座', 'model': '1x2P 间距1.25mm 立贴 MX1.25系列', 'package': 'SMD,P=1.25mm', 'supplier': '未知供应商', 'quantity': 0, 'unit': '个', 'location': '未知位置', 'price': 0.0, 'buy_time': '2026-02-05', 'channel': '未知', 'remark': '无'}
2026-02-05 15:26:18,152 - __main__ - WARNING - 第16行数量转换失败: 50个, 错误: invalid literal for int() with base 10: '50个'
2026-02-05 15:26:18,152 - __main__ - DEBUG - 第16行映射结果: {'category': 'SS8050', 'type': '三极管(BJT)', 'model': 'NPN 电流1.5A 电压25V', 'package': 'SOT-23', 'supplier': '未知供应商', 'quantity': 0, 'unit': '个', 'location': '未知位置', 'price': 0.0, 'buy_time': '2026-02-05', 'channel': '未知', 'remark': '无'}
2026-02-05 15:26:18,152 - __main__ - WARNING - 第17行数量转换失败: 5个, 错误: invalid literal for int() with base 10: '5个'
2026-02-05 15:26:18,153 - __main__ - DEBUG - 第17行映射结果: {'category': 'AD8542ARUZ(UMW)', 'type': '运算放大器', 'model': '1.1MHz、85μA、CMOS、轨到轨输入输出', 'package': 'TSSOP-8', 'supplier': '未知供应商', 'quantity': 0, 'unit': '个', 'location': '未知位置', 'price': 0.0, 'buy_time': '2026-02-05', 'channel': '未知', 'remark': '无'}
2026-02-05 15:26:18,153 - __main__ - WARNING - 第18行数量转换失败: 20个, 错误: invalid literal for int() with base 10: '20个'
2026-02-05 15:26:18,153 - __main__ - DEBUG - 第18行映射结果: {'category': 'AMS1117-3.3', 'type': '线性稳压器(LDO)', 'model': '3.3V 电流1A 耐压12V', 'package': 'SOT-223', 'supplier': '未知供应商', 'quantity': 0, 'unit': '个', 'location': '未知位置', 'price': 0.0, 'buy_time': '2026-02-05', 'channel': '未知', 'remark': '无'}
2026-02-05 15:26:18,154 - __main__ - WARNING - 第19行数量转换失败: 20个, 错误: invalid literal for int() with base 10: '20个'
2026-02-05 15:26:18,154 - __main__ - DEBUG - 第19行映射结果: {'category': 'SN74LVC1G3157DCKR', 'type': '模拟开关/多路复用器', 'model': 'UMW SN74LVC1G3157 二选一模拟开关电路', 'package': 'SC-70-6', 'supplier': '未知供应商', 'quantity': 0, 'unit': '个', 'location': '未知位置', 'price': 0.0, 'buy_time': '2026-02-05', 'channel': '未知', 'remark': '无'}
2026-02-05 15:26:18,154 - __main__ - WARNING - 第20行数量转换失败: 5个, 错误: invalid literal for int() with base 10: '5个'
2026-02-05 15:26:18,154 - __main__ - DEBUG - 第20行映射结果: {'category': 'BX-FFC0.5-T-10048-4P', 'type': 'FFC连接线(柔性扁平线缆)', 'model': 'FFC排线0.5mm 4P总长100mm 同向 金手指4p', 'package': 'P=0.5mm', 'supplier': '未知供应商', 'quantity': 0, 'unit': '个', 'location': '未知位置', 'price': 0.0, 'buy_time': '2026-02-05', 'channel': '未知', 'remark': '无'}
2026-02-05 15:26:18,156 - __main__ - WARNING - 第21行数量转换失败: 5个, 错误: invalid literal for int() with base 10: '5个'
2026-02-05 15:26:18,156 - __main__ - DEBUG - 第21行映射结果: {'category': 'BX-PM2.54-1-6PY', 'type': '排母', 'model': '1x6P 间距2.54mm 直插', 'package': '插件,P=2.54mm', 'supplier': '未知供应商', 'quantity': 0, 'unit': '个', 'location': '未知位置', 'price': 0.0, 'buy_time': '2026-02-05', 'channel': '未知', 'remark': '无'}
2026-02-05 15:26:18,157 - __main__ - WARNING - 第22行数量转换失败: 20个, 错误: invalid literal for int() with base 10: '20个'
2026-02-05 15:26:18,157 - __main__ - DEBUG - 第22行映射结果: {'category': 'BX-XH2.54-4PZZ', 'type': '线对板针座', 'model': '1x4P 间距2.5mm 直插 XH系列', 'package': '插件,P=2.5mm', 'supplier': '未知供应商', 'quantity': 0, 'unit': '个', 'location': '未知位置', 'price': 0.0, 'buy_time': '2026-02-05', 'channel': '未知', 'remark': '无'}
2026-02-05 15:26:18,157 - __main__ - WARNING - 第23行数量转换失败: 50个, 错误: invalid literal for int() with base 10: '50个'
2026-02-05 15:26:18,158 - __main__ - DEBUG - 第23行映射结果: {'category': 'BX-PH2.0-2PZZ', 'type': '线对板针座', 'model': '1x2P 间距2mm 直插 PH系列', 'package': '插件,P=2mm', 'supplier': '未知供应商', 'quantity': 0, 'unit': '个', 'location': '未知位置', 'price': 0.0, 'buy_time': '2026-02-05', 'channel': '未知', 'remark': '无'}
2026-02-05 15:26:18,158 - __main__ - WARNING - 第24行数量转换失败: 50个, 错误: invalid literal for int() with base 10: '50个'
2026-02-05 15:26:18,158 - __main__ - DEBUG - 第24行映射结果: {'category': 'BX-XH2.54-2PZZ', 'type': '线对板针座', 'model': '1x2P 间距2.5mm 直插 XH系列', 'package': '插件,P=2.5mm', 'supplier': '未知供应商', 'quantity': 0, 'unit': '个', 'location': '未知位置', 'price': 0.0, 'buy_time': '2026-02-05', 'channel': '未知', 'remark': '无'}
2026-02-05 15:26:18,158 - __main__ - WARNING - 第25行数量转换失败: 20个, 错误: invalid literal for int() with base 10: '20个'
2026-02-05 15:26:18,159 - __main__ - DEBUG - 第25行映射结果: {'category': 'BX-PH2.0-6PZZ', 'type': '线对板针座', 'model': '1x6P 间距2mm 直插 PH系列', 'package': '插件,P=2mm', 'supplier': '未知供应商', 'quantity': 0, 'unit': '个', 'location': '未知位置', 'price': 0.0, 'buy_time': '2026-02-05', 'channel': '未知', 'remark': '无'}
2026-02-05 15:26:18,159 - __main__ - WARNING - 第26行数量转换失败: 50个, 错误: invalid literal for int() with base 10: '50个'
2026-02-05 15:26:18,159 - __main__ - DEBUG - 第26行映射结果: {'category': 'SOD4007', 'type': '通用二极管', 'model': '1kV 电流1A', 'package': 'SOD-123FL', 'supplier': '未知供应商', 'quantity': 0, 'unit': '个', 'location': '未知位置', 'price': 0.0, 'buy_time': '2026-02-05', 'channel': '未知', 'remark': '无'}
2026-02-05 15:26:18,159 - __main__ - WARNING - 第27行数量转换失败: 20个, 错误: invalid literal for int() with base 10: '20个'
2026-02-05 15:26:18,160 - __main__ - DEBUG - 第27行映射结果: {'category': 'MMBT3904-E', 'type': '三极管(BJT)', 'model': 'hFE:100-300 NPN 电流200mA 电压40V', 'package': 'SOT-23', 'supplier': '未知供应商', 'quantity': 0, 'unit': '个', 'location': '未知位置', 'price': 0.0, 'buy_time': '2026-02-05', 'channel': '未知', 'remark': '无'}
2026-02-05 15:26:18,160 - __main__ - WARNING - 第28行数量转换失败: 50个, 错误: invalid literal for int() with base 10: '50个'
2026-02-05 15:26:18,160 - __main__ - DEBUG - 第28行映射结果: {'category': 'SS8550', 'type': '三极管(BJT)', 'model': 'H档200-350 PNP 电流1.5A 电压25V', 'package': 'SOT-23', 'supplier': '未知供应商', 'quantity': 0, 'unit': '个', 'location': '未知位置', 'price': 0.0, 'buy_time': '2026-02-05', 'channel': '未知', 'remark': '无'}
2026-02-05 15:26:18,160 - __main__ - WARNING - 第29行数量转换失败: 50个, 错误: invalid literal for int() with base 10: '50个'
2026-02-05 15:26:18,161 - __main__ - DEBUG - 第29行映射结果: {'category': 'S8050', 'type': '三极管(BJT)', 'model': 'hFE:200-350 NPN 电流500mA 电压25V', 'package': 'SOT-23', 'supplier': '未知供应商', 'quantity': 0, 'unit': '个', 'location': '未知位置', 'price': 0.0, 'buy_time': '2026-02-05', 'channel': '未知', 'remark': '无'}
2026-02-05 15:26:18,161 - __main__ - WARNING - 第30行数量转换失败: 50个, 错误: invalid literal for int() with base 10: '50个'
2026-02-05 15:26:18,161 - __main__ - DEBUG - 第30行映射结果: {'category': '1N4148WS-E', 'type': '开关二极管', 'model': '开关二极管', 'package': 'SOD-323', 'supplier': '未知供应商', 'quantity': 0, 'unit': '个', 'location': '未知位置', 'price': 0.0, 'buy_time': '2026-02-05', 'channel': '未知', 'remark': '无'}
2026-02-05 15:26:18,162 - __main__ - WARNING - 第31行数量转换失败: 20个, 错误: invalid literal for int() with base 10: '20个'
2026-02-05 15:26:18,162 - __main__ - DEBUG - 第31行映射结果: {'category': '1N5819', 'type': '肖特基二极管', 'model': '电压40V 电流1A', 'package': 'DO-41', 'supplier': '未知供应商', 'quantity': 0, 'unit': '个', 'location': '未知位置', 'price': 0.0, 'buy_time': '2026-02-05', 'channel': '未知', 'remark': '无'}
2026-02-05 15:26:18,162 - __main__ - WARNING - 第32行数量转换失败: 5个, 错误: invalid literal for int() with base 10: '5个'
2026-02-05 15:26:18,162 - __main__ - DEBUG - 第32行映射结果: {'category': 'XZLEL89CSI-KPIYLC-8M', 'type': '无源晶振', 'model': 'YSX321SL 8MHZ 4P 3225 20PF ±10PPM -40~85℃', 'package': 'SMD3225-4P', 'supplier': '未知供应商', 'quantity': 0, 'unit': '个', 'location': '未知位置', 'price': 0.0, 'buy_time': '2026-02-05', 'channel': '未知', 'remark': '无'}
2026-02-05 15:26:18,162 - __main__ - WARNING - 第33行数量转换失败: 10个, 错误: invalid literal for int() with base 10: '10个'
2026-02-05 15:26:18,162 - __main__ - DEBUG - 第33行映射结果: {'category': 'X322512MSB4SI', 'type': '无源晶振', 'model': 'YSX321SL 12MHZ 4P 3225 20PF ±10PPM -40~85℃', 'package': 'SMD3225-4P', 'supplier': '未知供应商', 'quantity': 0, 'unit': '个', 'location': '未知位置', 'price': 0.0, 'buy_time': '2026-02-05', 'channel': '未知', 'remark': '无'}
2026-02-05 15:26:18,163 - __main__ - WARNING - 第34行数量转换失败: 20个, 错误: invalid literal for int() with base 10: '20个'
2026-02-05 15:26:18,163 - __main__ - DEBUG - 第34行映射结果: {'category': 'X322532MOB4SI', 'type': '无源晶振', 'model': 'YSX321SL 32MHZ 4P 3225 12PF ±10PPM -40~85℃', 'package': 'SMD3225-4P', 'supplier': '未知供应商', 'quantity': 0, 'unit': '个', 'location': '未知位置', 'price': 0.0, 'buy_time': '2026-02-05', 'channel': '未知', 'remark': '无'}
2026-02-05 15:26:18,163 - __main__ - WARNING - 第35行数量转换失败: 40个, 错误: invalid literal for int() with base 10: '40个'
2026-02-05 15:26:18,163 - __main__ - DEBUG - 第35行映射结果: {'category': 'TP4057', 'type': '电池管理', 'model': '500mA线性锂离子电池充电器', 'package': 'SOT-23-6', 'supplier': '未知供应商', 'quantity': 0, 'unit': '个', 'location': '未知位置', 'price': 0.0, 'buy_time': '2026-02-05', 'channel': '未知', 'remark': '无'}
2026-02-05 15:26:18,163 - __main__ - WARNING - 第36行数量转换失败: 20个, 错误: invalid literal for int() with base 10: '20个'
2026-02-05 15:26:18,163 - __main__ - DEBUG - 第36行映射结果: {'category': 'AO3400A', 'type': '场效应管(MOSFET)', 'model': '1个N沟道 耐压30V 电流5.8A', 'package': 'SOT-23', 'supplier': '未知供应商', 'quantity': 0, 'unit': '个', 'location': '未知位置', 'price': 0.0, 'buy_time': '2026-02-05', 'channel': '未知', 'remark': '无'}
2026-02-05 15:26:18,163 - __main__ - WARNING - 第37行数量转换失败: 20个, 错误: invalid literal for int() with base 10: '20个'
2026-02-05 15:26:18,164 - __main__ - DEBUG - 第37行映射结果: {'category': 'AO3401A', 'type': '场效应管(MOSFET)', 'model': '1个P沟道 耐压30V 电流4.2A', 'package': 'SOT-23', 'supplier': '未知供应商', 'quantity': 0, 'unit': '个', 'location': '未知位置', 'price': 0.0, 'buy_time': '2026-02-05', 'channel': '未知', 'remark': '无'}
2026-02-05 15:26:18,164 - __main__ - WARNING - 第38行数量转换失败: 1个, 错误: invalid literal for int() with base 10: '1个'
2026-02-05 15:26:18,164 - __main__ - DEBUG - 第38行映射结果: {'category': 'YR-SX-20', 'type': '助焊剂/助焊膏', 'model': '亚润松香助焊剂 纯度高电焊松香', 'package': '-', 'supplier': '未知供应商', 'quantity': 0, 'unit': '个', 'location': '未知位置', 'price': 0.0, 'buy_time': '2026-02-05', 'channel': '未知', 'remark': '无'}
2026-02-05 15:26:18,164 - __main__ - WARNING - 第39行数量转换失败: 1卷, 错误: invalid literal for int() with base 10: '1卷'
2026-02-05 15:26:18,164 - __main__ - DEBUG - 第39行映射结果: {'category': 'Sn63Pb37 0.6mm 40g', 'type': '锡丝/锡线', 'model': '永佳润 高纯度体验版 焊锡丝0.6mm/40G', 'package': '-', 'supplier': '未知供应商', 'quantity': 0, 'unit': '个', 'location': '未知位置', 'price': 0.0, 'buy_time': '2026-02-05', 'channel': '未知', 'remark': '无'}
2026-02-05 15:26:18,164 - __main__ - WARNING - 第40行数量转换失败: 1卷, 错误: invalid literal for int() with base 10: '1卷'
2026-02-05 15:26:18,164 - __main__ - DEBUG - 第40行映射结果: {'category': 'Sn63Pb37 1.2mm 40g', 'type': '锡丝/锡线', 'model': '永佳润 高纯度体验版 焊锡丝1.2mm/40G', 'package': '-', 'supplier': '未知供应商', 'quantity': 0, 'unit': '个', 'location': '未知位置', 'price': 0.0, 'buy_time': '2026-02-05', 'channel': '未知', 'remark': '无'}
2026-02-05 15:26:18,165 - __main__ - WARNING - 第41行数量转换失败: 10个, 错误: invalid literal for int() with base 10: '10个'
2026-02-05 15:26:18,165 - __main__ - DEBUG - 第41行映射结果: {'category': 'F0501-T-10-20T-R', 'type': 'FFC/FPC连接器', 'model': '抽屉式 上接 P数10P 间距0.5mm', 'package': 'SMD,P=0.5mm', 'supplier': '未知供应商', 'quantity': 0, 'unit': '个', 'location': '未知位置', 'price': 0.0, 'buy_time': '2026-02-05', 'channel': '未知', 'remark': '无'}
2026-02-05 15:26:18,165 - __main__ - WARNING - 第42行数量转换失败: 5个, 错误: invalid literal for int() with base 10: '5个'
2026-02-05 15:26:18,165 - __main__ - DEBUG - 第42行映射结果: {'category': 'PM254V-11-16-H85', 'type': '排母', 'model': '1x16P 间距2.54mm 直插 托盘', 'package': '插件,P=2.54mm', 'supplier': '未知供应商', 'quantity': 0, 'unit': '个', 'location': '未知位置', 'price': 0.0, 'buy_time': '2026-02-05', 'channel': '未知', 'remark': '无'}
2026-02-05 15:26:18,166 - __main__ - WARNING - 第43行数量转换失败: 20个, 错误: invalid literal for int() with base 10: '20个'
2026-02-05 15:26:18,166 - __main__ - DEBUG - 第43行映射结果: {'category': 'XF7126', 'type': '电子线', 'model': 'UL1007/22 红色 L=100 双端上锡 3.0MM 袋装', 'package': '-', 'supplier': '未知供应商', 'quantity': 0, 'unit': '个', 'location': '未知位置', 'price': 0.0, 'buy_time': '2026-02-05', 'channel': '未知', 'remark': '无'}
2026-02-05 15:26:18,166 - __main__ - WARNING - 第44行数量转换失败: 20个, 错误: invalid literal for int() with base 10: '20个'
2026-02-05 15:26:18,166 - __main__ - DEBUG - 第44行映射结果: {'category': 'XF7129', 'type': '电子线', 'model': 'UL1007/22 黑色 L=100 双端上锡 3.0MM 袋装', 'package': '-', 'supplier': '未知供应商', 'quantity': 0, 'unit': '个', 'location': '未知位置', 'price': 0.0, 'buy_time': '2026-02-05', 'channel': '未知', 'remark': '无'}
2026-02-05 15:26:18,166 - __main__ - WARNING - 第45行数量转换失败: 20个, 错误: invalid literal for int() with base 10: '20个'
2026-02-05 15:26:18,167 - __main__ - DEBUG - 第45行映射结果: {'category': 'XF7127', 'type': '电子线', 'model': 'UL1007/22 白色 L=100 双端上锡 3.0MM 袋装', 'package': '-', 'supplier': '未知供应商', 'quantity': 0, 'unit': '个', 'location': '未知位置', 'price': 0.0, 'buy_time': '2026-02-05', 'channel': '未知', 'remark': '无'}
2026-02-05 15:26:18,167 - __main__ - WARNING - 第46行数量转换失败: 20个, 错误: invalid literal for int() with base 10: '20个'
2026-02-05 15:26:18,167 - __main__ - DEBUG - 第46行映射结果: {'category': 'XF7128', 'type': '电子线', 'model': 'UL1007/22 黄色 L=100 双端上锡 3.0MM 袋装', 'package': '-', 'supplier': '未知供应商', 'quantity': 0, 'unit': '个', 'location': '未知位置', 'price': 0.0, 'buy_time': '2026-02-05', 'channel': '未知', 'remark': '无'}
2026-02-05 15:26:18,167 - __main__ - WARNING - 第47行数量转换失败: 20个, 错误: invalid literal for int() with base 10: '20个'
2026-02-05 15:26:18,167 - __main__ - DEBUG - 第47行映射结果: {'category': 'XF7130', 'type': '电子线', 'model': 'UL1007/22 蓝色 L=100 双端上锡 3.0MM 袋装', 'package': '-', 'supplier': '未知供应商', 'quantity': 0, 'unit': '个', 'location': '未知位置', 'price': 0.0, 'buy_time': '2026-02-05', 'channel': '未知', 'remark': '无'}
2026-02-05 15:26:18,167 - __main__ - WARNING - 第48行数量转换失败: 100只, 错误: invalid literal for int() with base 10: '100只'
2026-02-05 15:26:18,168 - __main__ - DEBUG - 第48行映射结果: {'category': '4.7R', 'type': '贴片电阻', 'model': '4.7Ω 精度1%', 'package': '0603', 'supplier': '未知供应商', 'quantity': 0, 'unit': '个', 'location': '未知位置', 'price': 0.0, 'buy_time': '2026-02-05', 'channel': '未知', 'remark': '无'}
2026-02-05 15:26:18,168 - __main__ - WARNING - 第49行数量转换失败: 100个, 错误: invalid literal for int() with base 10: '100个'
2026-02-05 15:26:18,168 - __main__ - DEBUG - 第49行映射结果: {'category': 'FRC0603F5101TS', 'type': '贴片电阻', 'model': '5.1kΩ ±1% 100mW 厚膜电阻', 'package': '0603', 'supplier': '未知供应商', 'quantity': 0, 'unit': '个', 'location': '未知位置', 'price': 0.0, 'buy_time': '2026-02-05', 'channel': '未知', 'remark': '无'}
2026-02-05 15:26:18,168 - __main__ - WARNING - 第50行数量转换失败: 100个, 错误: invalid literal for int() with base 10: '100个'
2026-02-05 15:26:18,168 - __main__ - DEBUG - 第50行映射结果: {'category': 'FRC0603F2200TS', 'type': '贴片电阻', 'model': '220Ω ±1% 100mW 厚膜电阻', 'package': '0603', 'supplier': '未知供应商', 'quantity': 0, 'unit': '个', 'location': '未知位置', 'price': 0.0, 'buy_time': '2026-02-05', 'channel': '未知', 'remark': '无'}
2026-02-05 15:26:18,168 - __main__ - WARNING - 第51行数量转换失败: 100个, 错误: invalid literal for int() with base 10: '100个'
2026-02-05 15:26:18,169 - __main__ - DEBUG - 第51行映射结果: {'category': 'FRC0603J101TS', 'type': '贴片电阻', 'model': '100Ω ±5% 100mW 厚膜电阻', 'package': '0603', 'supplier': '未知供应商', 'quantity': 0, 'unit': '个', 'location': '未知位置', 'price': 0.0, 'buy_time': '2026-02-05', 'channel': '未知', 'remark': '无'}
2026-02-05 15:26:18,169 - __main__ - WARNING - 第52行数量转换失败: 50个, 错误: invalid literal for int() with base 10: '50个'
2026-02-05 15:26:18,169 - __main__ - DEBUG - 第52行映射结果: {'category': 'GR2512J360RT4G00', 'type': '贴片电阻', 'model': '360Ω ±5%', 'package': '2512', 'supplier': '未知供应商', 'quantity': 0, 'unit': '个', 'location': '未知位置', 'price': 0.0, 'buy_time': '2026-02-05', 'channel': '未知', 'remark': '无'}
2026-02-05 15:26:18,169 - __main__ - WARNING - 第53行数量转换失败: 100个, 错误: invalid literal for int() with base 10: '100个'
2026-02-05 15:26:18,169 - __main__ - DEBUG - 第53行映射结果: {'category': 'FRC0603F6203TS', 'type': '贴片电阻', 'model': '620kΩ ±1% 100mW 厚膜电阻', 'package': '0603', 'supplier': '未知供应商', 'quantity': 0, 'unit': '个', 'location': '未知位置', 'price': 0.0, 'buy_time': '2026-02-05', 'channel': '未知', 'remark': '无'}
2026-02-05 15:26:18,169 - __main__ - WARNING - 第54行数量转换失败: 100个, 错误: invalid literal for int() with base 10: '100个'
2026-02-05 15:26:18,170 - __main__ - DEBUG - 第54行映射结果: {'category': 'FRC0603F2403TS', 'type': '贴片电阻', 'model': '240kΩ ±1% 100mW 厚膜电阻', 'package': '0603', 'supplier': '未知供应商', 'quantity': 0, 'unit': '个', 'location': '未知位置', 'price': 0.0, 'buy_time': '2026-02-05', 'channel': '未知', 'remark': '无'}
2026-02-05 15:26:18,170 - __main__ - WARNING - 第55行数量转换失败: 100个, 错误: invalid literal for int() with base 10: '100个'
2026-02-05 15:26:18,170 - __main__ - DEBUG - 第55行映射结果: {'category': 'RCA032KFLF', 'type': '贴片电阻', 'model': '2kΩ ±1% 100mW', 'package': '0603', 'supplier': '未知供应商', 'quantity': 0, 'unit': '个', 'location': '未知位置', 'price': 0.0, 'buy_time': '2026-02-05', 'channel': '未知', 'remark': '无'}
2026-02-05 15:26:18,170 - __main__ - WARNING - 第56行数量转换失败: 100个, 错误: invalid literal for int() with base 10: '100个'
2026-02-05 15:26:18,170 - __main__ - DEBUG - 第56行映射结果: {'category': 'FRC0603F27R0TS', 'type': '贴片电阻', 'model': '27Ω ±1% 100mW 厚膜电阻', 'package': '0603', 'supplier': '未知供应商', 'quantity': 0, 'unit': '个', 'location': '未知位置', 'price': 0.0, 'buy_time': '2026-02-05', 'channel': '未知', 'remark': '无'}
2026-02-05 15:26:18,171 - __main__ - WARNING - 第57行数量转换失败: 100个, 错误: invalid literal for int() with base 10: '100个'
2026-02-05 15:26:18,171 - __main__ - DEBUG - 第57行映射结果: {'category': 'GR1206J40390G', 'type': '贴片电阻', 'model': '39Ω ±5% 1/4W ±200ppm/℃', 'package': '1206', 'supplier': '未知供应商', 'quantity': 0, 'unit': '个', 'location': '未知位置', 'price': 0.0, 'buy_time': '2026-02-05', 'channel': '未知', 'remark': '无'}
2026-02-05 15:26:18,171 - __main__ - WARNING - 第58行数量转换失败: 20个, 错误: invalid literal for int() with base 10: '20个'
2026-02-05 15:26:18,172 - __main__ - DEBUG - 第58行映射结果: {'category': 'SR0603FR-7T1RL', 'type': '贴片电阻', 'model': '1Ω ±1% 1/4W ±200ppm/℃', 'package': '0603', 'supplier': '未知供应商', 'quantity': 0, 'unit': '个', 'location': '未知位置', 'price': 0.0, 'buy_time': '2026-02-05', 'channel': '未知', 'remark': '无'}
2026-02-05 15:26:18,172 - __main__ - WARNING - 第59行数量转换失败: 50个, 错误: invalid literal for int() with base 10: '50个'
2026-02-05 15:26:18,172 - __main__ - DEBUG - 第59行映射结果: {'category': 'CR0603JA0152G', 'type': '贴片电阻', 'model': '1.5kΩ ±5% 1/10W ±200ppm/℃', 'package': '0603', 'supplier': '未知供应商', 'quantity': 0, 'unit': '个', 'location': '未知位置', 'price': 0.0, 'buy_time': '2026-02-05', 'channel': '未知', 'remark': '无'}
2026-02-05 15:26:18,173 - __main__ - WARNING - 第60行数量转换失败: 100个, 错误: invalid literal for int() with base 10: '100个'
2026-02-05 15:26:18,173 - __main__ - DEBUG - 第60行映射结果: {'category': 'CR0603JA0100G', 'type': '贴片电阻', 'model': '10Ω ±5% 1/10W ±200ppm/℃', 'package': '0603', 'supplier': '未知供应商', 'quantity': 0, 'unit': '个', 'location': '未知位置', 'price': 0.0, 'buy_time': '2026-02-05', 'channel': '未知', 'remark': '无'}
2026-02-05 15:26:18,173 - __main__ - WARNING - 第61行数量转换失败: 50个, 错误: invalid literal for int() with base 10: '50个'
2026-02-05 15:26:18,173 - __main__ - DEBUG - 第61行映射结果: {'category': 'SCR0603J1K', 'type': '贴片电阻', 'model': '1kΩ ±5% 100mW ±200ppm/℃', 'package': '0603', 'supplier': '未知供应商', 'quantity': 0, 'unit': '个', 'location': '未知位置', 'price': 0.0, 'buy_time': '2026-02-05', 'channel': '未知', 'remark': '无'}
2026-02-05 15:26:18,173 - __main__ - WARNING - 第62行数量转换失败: 100个, 错误: invalid literal for int() with base 10: '100个'
2026-02-05 15:26:18,173 - __main__ - DEBUG - 第62行映射结果: {'category': 'SCR0603FR500', 'type': '贴片电阻', 'model': '500mΩ ±1% 100mW', 'package': '0603', 'supplier': '未知供应商', 'quantity': 0, 'unit': '个', 'location': '未知位置', 'price': 0.0, 'buy_time': '2026-02-05', 'channel': '未知', 'remark': '无'}
2026-02-05 15:26:18,174 - __main__ - WARNING - 第63行数量转换失败: 100个, 错误: invalid literal for int() with base 10: '100个'
2026-02-05 15:26:18,174 - __main__ - DEBUG - 第63行映射结果: {'category': 'FRC0603J103TS', 'type': '贴片电阻', 'model': '10kΩ ±5% 100mW 厚膜电阻', 'package': '0603', 'supplier': '未知供应商', 'quantity': 0, 'unit': '个', 'location': '未知位置', 'price': 0.0, 'buy_time': '2026-02-05', 'channel': '未知', 'remark': '无'}
2026-02-05 15:26:18,174 - __main__ - WARNING - 第64行数量转换失败: 100个, 错误: invalid literal for int() with base 10: '100个'
2026-02-05 15:26:18,174 - __main__ - DEBUG - 第64行映射结果: {'category': 'CR0603FA1802G', 'type': '贴片电阻', 'model': '18kΩ ±1% 1/10W ±100ppm/℃', 'package': '0603', 'supplier': '未知供应商', 'quantity': 0, 'unit': '个', 'location': '未知位置', 'price': 0.0, 'buy_time': '2026-02-05', 'channel': '未知', 'remark': '无'}
2026-02-05 15:26:18,174 - __main__ - WARNING - 第65行数量转换失败: 100只, 错误: invalid literal for int() with base 10: '100只'
2026-02-05 15:26:18,175 - __main__ - DEBUG - 第65行映射结果: {'category': '4.7K', 'type': '贴片电阻', 'model': '4.7kΩ 精度1%', 'package': '0603', 'supplier': '未知供应商', 'quantity': 0, 'unit': '个', 'location': '未知位置', 'price': 0.0, 'buy_time': '2026-02-05', 'channel': '未知', 'remark': '无'}
2026-02-05 15:26:18,175 - __main__ - WARNING - 第66行数量转换失败: 100个, 错误: invalid literal for int() with base 10: '100个'
2026-02-05 15:26:18,175 - __main__ - DEBUG - 第66行映射结果: {'category': 'S9014-GM', 'type': '三极管(BJT)', 'model': '未知型号', 'package': 'SOT-23', 'supplier': '未知供应商', 'quantity': 0, 'unit': '个', 'location': '未知位置', 'price': 0.0, 'buy_time': '2026-02-05', 'channel': '未知', 'remark': '无'}
2026-02-05 15:26:18,175 - __main__ - WARNING - 第67行数量转换失败: 50个, 错误: invalid literal for int() with base 10: '50个'
2026-02-05 15:26:18,176 - __main__ - DEBUG - 第67行映射结果: {'category': '1N5819WT', 'type': '肖特基二极管', 'model': '40V 350mA', 'package': 'SOD-523', 'supplier': '未知供应商', 'quantity': 0, 'unit': '个', 'location': '未知位置', 'price': 0.0, 'buy_time': '2026-02-05', 'channel': '未知', 'remark': '无'}
2026-02-05 15:26:18,176 - __main__ - WARNING - 第68行数量转换失败: 50个, 错误: invalid literal for int() with base 10: '50个'
2026-02-05 15:26:18,176 - __main__ - DEBUG - 第68行映射结果: {'category': 'SS8050-GM', 'type': '三极管(BJT)', 'model': '未知型号', 'package': 'SOT-23', 'supplier': '未知供应商', 'quantity': 0, 'unit': '个', 'location': '未知位置', 'price': 0.0, 'buy_time': '2026-02-05', 'channel': '未知', 'remark': '无'}
2026-02-05 15:26:18,176 - __main__ - WARNING - 第69行数量转换失败: 100个, 错误: invalid literal for int() with base 10: '100个'
2026-02-05 15:26:18,177 - __main__ - DEBUG - 第69行映射结果: {'category': 'SCR0603F47R', 'type': '贴片电阻', 'model': '47Ω ±1% 100mW 厚膜电阻', 'package': '0603', 'supplier': '未知供应商', 'quantity': 0, 'unit': '个', 'location': '未知位置', 'price': 0.0, 'buy_time': '2026-02-05', 'channel': '未知', 'remark': '无'}
2026-02-05 15:26:18,177 - __main__ - WARNING - 第70行数量转换失败: 20个, 错误: invalid literal for int() with base 10: '20个'
2026-02-05 15:26:18,177 - __main__ - DEBUG - 第70行映射结果: {'category': 'BAV99,215', 'type': '开关二极管', 'model': '100V 215mA', 'package': 'SOT-23', 'supplier': '未知供应商', 'quantity': 0, 'unit': '个', 'location': '未知位置', 'price': 0.0, 'buy_time': '2026-02-05', 'channel': '未知', 'remark': '无'}
2026-02-05 15:26:18,178 - __main__ - WARNING - 第71行数量转换失败: 20个, 错误: invalid literal for int() with base 10: '20个'
2026-02-05 15:26:18,178 - __main__ - DEBUG - 第71行映射结果: {'category': 'A03400', 'type': '场效应管(MOSFET)', 'model': 'N沟道 耐压30V 电流5.8A', 'package': 'SOT-23', 'supplier': '未知供应商', 'quantity': 0, 'unit': '个', 'location': '未知位置', 'price': 0.0, 'buy_time': '2026-02-05', 'channel': '未知', 'remark': '无'}
2026-02-05 15:26:18,178 - __main__ - WARNING - 第72行数量转换失败: 20个, 错误: invalid literal for int() with base 10: '20个'
2026-02-05 15:26:18,179 - __main__ - DEBUG - 第72行映射结果: {'category': 'A03401', 'type': '场效应管(MOSFET)', 'model': 'P沟道 30V 4.2A', 'package': 'SOT-23', 'supplier': '未知供应商', 'quantity': 0, 'unit': '个', 'location': '未知位置', 'price': 0.0, 'buy_time': '2026-02-05', 'channel': '未知', 'remark': '无'}
2026-02-05 15:26:18,179 - __main__ - WARNING - 第73行数量转换失败: 10个, 错误: invalid literal for int() with base 10: '10个'
2026-02-05 15:26:18,179 - __main__ - DEBUG - 第73行映射结果: {'category': 'RT9013-33GB-MS', 'type': '线性稳压器(LDO)', 'model': '3.3V 500mA 5.5V', 'package': 'SOT-23-5', 'supplier': '未知供应商', 'quantity': 0, 'unit': '个', 'location': '未知位置', 'price': 0.0, 'buy_time': '2026-02-05', 'channel': '未知', 'remark': '无'}
2026-02-05 15:26:18,179 - __main__ - WARNING - 第74行数量转换失败: 100个, 错误: invalid literal for int() with base 10: '100个'
2026-02-05 15:26:18,180 - __main__ - DEBUG - 第74行映射结果: {'category': 'CAI0603C0G120J500JT', 'type': '贴片电容(MLCC)', 'model': '12pF ±5% 50V', 'package': '0603', 'supplier': '未知供应商', 'quantity': 0, 'unit': '个', 'location': '未知位置', 'price': 0.0, 'buy_time': '2026-02-05', 'channel': '未知', 'remark': '无'}
2026-02-05 15:26:18,180 - __main__ - WARNING - 第75行数量转换失败: 100个, 错误: invalid literal for int() with base 10: '100个'
2026-02-05 15:26:18,180 - __main__ - DEBUG - 第75行映射结果: {'category': 'CC0603KRX7R9BB103', 'type': '贴片电容(MLCC)', 'model': '10nF ±10% 50V X7R', 'package': '0603', 'supplier': '未知供应商', 'quantity': 0, 'unit': '个', 'location': '未知位置', 'price': 0.0, 'buy_time': '2026-02-05', 'channel': '未知', 'remark': '无'}
2026-02-05 15:26:18,180 - __main__ - WARNING - 第76行数量转换失败: 50个, 错误: invalid literal for int() with base 10: '50个'
2026-02-05 15:26:18,181 - __main__ - DEBUG - 第76行映射结果: {'category': 'TCC0603X5R106K160CT', 'type': '贴片电容(MLCC)', 'model': '10μF ±10% 16V X5R', 'package': '0603', 'supplier': '未知供应商', 'quantity': 0, 'unit': '个', 'location': '未知位置', 'price': 0.0, 'buy_time': '2026-02-05', 'channel': '未知', 'remark': '无'}
2026-02-05 15:26:18,181 - __main__ - WARNING - 第77行数量转换失败: 50个, 错误: invalid literal for int() with base 10: '50个'
2026-02-05 15:26:18,181 - __main__ - DEBUG - 第77行映射结果: {'category': 'CC0603ZRY5V8BB104', 'type': '贴片电容(MLCC)', 'model': '100nF -20~+80% 25V Y5V', 'package': '0603', 'supplier': '未知供应商', 'quantity': 0, 'unit': '个', 'location': '未知位置', 'price': 0.0, 'buy_time': '2026-02-05', 'channel': '未知', 'remark': '无'}
2026-02-05 15:26:18,181 - __main__ - INFO - 映射完成，共77条数据
2026-02-05 15:26:18,267 - __main__ - INFO - BOM重复检测完成：共77条，重复40条，新增37条
2026-02-05 15:26:18,268 - werkzeug - INFO - 127.0.0.1 - - [05/Feb/2026 15:26:18] "POST /check_bom_dup HTTP/1.1" 200 -
2026-02-05 15:26:41,521 - __main__ - WARNING - 第1行数量转换失败: 25个, 错误: invalid literal for int() with base 10: '25个'
2026-02-05 15:26:41,522 - __main__ - DEBUG - 第1行映射结果: {'category': '2N3904S-RTK/PS', 'type': '三极管(BJT)', 'model': 'NPN 电流200mA 电压40V', 'package': 'SOT-23', 'supplier': '未知供应商', 'quantity': 0, 'unit': '个', 'location': '未知位置', 'price': 0.0, 'buy_time': '2026-02-05', 'channel': '未知', 'remark': '无'}
2026-02-05 15:26:41,522 - __main__ - WARNING - 第2行数量转换失败: 5个, 错误: invalid literal for int() with base 10: '5个'
2026-02-05 15:26:41,523 - __main__ - DEBUG - 第2行映射结果: {'category': 'GS8632-MR', 'type': '运算放大器', 'model': '6MHz 轨到轨I/O输出，CMOS', 'package': 'MSOP-8', 'supplier': '未知供应商', 'quantity': 0, 'unit': '个', 'location': '未知位置', 'price': 0.0, 'buy_time': '2026-02-05', 'channel': '未知', 'remark': '无'}
2026-02-05 15:26:41,523 - __main__ - WARNING - 第3行数量转换失败: 5个, 错误: invalid literal for int() with base 10: '5个'
2026-02-05 15:26:41,526 - __main__ - DEBUG - 第3行映射结果: {'category': 'XC6206P332MR-G', 'type': '线性稳压器(LDO)', 'model': '3.3V 电流200mA 耐压6V', 'package': 'SOT-23-3L', 'supplier': '未知供应商', 'quantity': 0, 'unit': '个', 'location': '未知位置', 'price': 0.0, 'buy_time': '2026-02-05', 'channel': '未知', 'remark': '无'}
2026-02-05 15:26:41,527 - __main__ - WARNING - 第4行数量转换失败: 40个, 错误: invalid literal for int() with base 10: '40个'
2026-02-05 15:26:41,527 - __main__ - DEBUG - 第4行映射结果: {'category': 'GZ1608D102TF', 'type': '磁珠', 'model': '单路 阻抗1kΩ@100MHz', 'package': '0603', 'supplier': '未知供应商', 'quantity': 0, 'unit': '个', 'location': '未知位置', 'price': 0.0, 'buy_time': '2026-02-05', 'channel': '未知', 'remark': '无'}
2026-02-05 15:26:41,528 - __main__ - WARNING - 第5行数量转换失败: 5个, 错误: invalid literal for int() with base 10: '5个'
2026-02-05 15:26:41,528 - __main__ - DEBUG - 第5行映射结果: {'category': 'LMV358IDR', 'type': '运算放大器', 'model': 'CMOS，轨到轨通用放大器', 'package': 'SOP-8', 'supplier': '未知供应商', 'quantity': 0, 'unit': '个', 'location': '未知位置', 'price': 0.0, 'buy_time': '2026-02-05', 'channel': '未知', 'remark': '无'}
2026-02-05 15:26:41,529 - __main__ - WARNING - 第6行数量转换失败: 50个, 错误: invalid literal for int() with base 10: '50个'
2026-02-05 15:26:41,529 - __main__ - DEBUG - 第6行映射结果: {'category': 'XC6206P332MR', 'type': '线性稳压器(LDO)', 'model': '3.3V 耐压6V', 'package': 'SOT-23', 'supplier': '未知供应商', 'quantity': 0, 'unit': '个', 'location': '未知位置', 'price': 0.0, 'buy_time': '2026-02-05', 'channel': '未知', 'remark': '无'}
2026-02-05 15:26:41,529 - __main__ - WARNING - 第7行数量转换失败: 10个, 错误: invalid literal for int() with base 10: '10个'
2026-02-05 15:26:41,530 - __main__ - DEBUG - 第7行映射结果: {'category': 'SMBJ24CA', 'type': '静电和浪涌保护(TVS/ESD)', 'model': '双向TVS 24V截止 峰值脉冲电流15.4A', 'package': 'DO-214AA(SMB)', 'supplier': '未知供应商', 'quantity': 0, 'unit': '个', 'location': '未知位置', 'price': 0.0, 'buy_time': '2026-02-05', 'channel': '未知', 'remark': '无'}
2026-02-05 15:26:41,530 - __main__ - WARNING - 第8行数量转换失败: 10个, 错误: invalid literal for int() with base 10: '10个'
2026-02-05 15:26:41,531 - __main__ - DEBUG - 第8行映射结果: {'category': 'PSM712-LF-T7', 'type': '静电和浪涌保护(TVS/ESD)', 'model': 'TVS 12V 7V截止 峰值浪涌电流17A@8/20us', 'package': 'SOT-23', 'supplier': '未知供应商', 'quantity': 0, 'unit': '个', 'location': '未知位置', 'price': 0.0, 'buy_time': '2026-02-05', 'channel': '未知', 'remark': '无'}
2026-02-05 15:26:41,531 - __main__ - WARNING - 第9行数量转换失败: 10个, 错误: invalid literal for int() with base 10: '10个'
2026-02-05 15:26:41,531 - __main__ - DEBUG - 第9行映射结果: {'category': 'TPRT9013-33GB', 'type': '线性稳压器(LDO)', 'model': '3.3V 电流500mA 耐压7V', 'package': 'SOT-23-5', 'supplier': '未知供应商', 'quantity': 0, 'unit': '个', 'location': '未知位置', 'price': 0.0, 'buy_time': '2026-02-05', 'channel': '未知', 'remark': '无'}
2026-02-05 15:26:41,531 - __main__ - WARNING - 第10行数量转换失败: 10个, 错误: invalid literal for int() with base 10: '10个'
2026-02-05 15:26:41,531 - __main__ - DEBUG - 第10行映射结果: {'category': 'AZC099-04S', 'type': '静电和浪涌保护(TVS/ESD)', 'model': '5V截止 峰值浪涌电流4.7A@8/20us', 'package': 'SOT-23-6', 'supplier': '未知供应商', 'quantity': 0, 'unit': '个', 'location': '未知位置', 'price': 0.0, 'buy_time': '2026-02-05', 'channel': '未知', 'remark': '无'}
2026-02-05 15:26:41,531 - __main__ - WARNING - 第11行数量转换失败: 5个, 错误: invalid literal for int() with base 10: '5个'
2026-02-05 15:26:41,532 - __main__ - DEBUG - 第11行映射结果: {'category': 'ZX-XH2.54-3PWT', 'type': '线对板针座', 'model': '1x3P 间距2.5mm 卧贴 XH系列', 'package': 'SMD,P=2.5mm', 'supplier': '未知供应商', 'quantity': 0, 'unit': '个', 'location': '未知位置', 'price': 0.0, 'buy_time': '2026-02-05', 'channel': '未知', 'remark': '无'}
2026-02-05 15:26:41,532 - __main__ - WARNING - 第12行数量转换失败: 5个, 错误: invalid literal for int() with base 10: '5个'
2026-02-05 15:26:41,532 - __main__ - DEBUG - 第12行映射结果: {'category': 'ZX-DGRC-5.08-3P', 'type': '插拔式接线端子', 'model': '1x3P 间距5.08mm 排数1 每排3P', 'package': '弯插,P=5.08mm', 'supplier': '未知供应商', 'quantity': 0, 'unit': '个', 'location': '未知位置', 'price': 0.0, 'buy_time': '2026-02-05', 'channel': '未知', 'remark': '无'}
2026-02-05 15:26:41,532 - __main__ - WARNING - 第13行数量转换失败: 5个, 错误: invalid literal for int() with base 10: '5个'
2026-02-05 15:26:41,533 - __main__ - DEBUG - 第13行映射结果: {'category': 'ZX-PM2.54-1-16PY', 'type': '排母', 'model': '1x16P 间距2.54mm 直插', 'package': '插件,P=2.54mm', 'supplier': '未知供应商', 'quantity': 0, 'unit': '个', 'location': '未知位置', 'price': 0.0, 'buy_time': '2026-02-05', 'channel': '未知', 'remark': '无'}
2026-02-05 15:26:41,533 - __main__ - WARNING - 第14行数量转换失败: 10个, 错误: invalid literal for int() with base 10: '10个'
2026-02-05 15:26:41,533 - __main__ - DEBUG - 第14行映射结果: {'category': 'ZX-0.5FPC-2H-QFX8P', 'type': 'FFC/FPC连接器', 'model': '翻盖式下接 8P 间距0.5mm', 'package': 'SMD,P=0.5mm', 'supplier': '未知供应商', 'quantity': 0, 'unit': '个', 'location': '未知位置', 'price': 0.0, 'buy_time': '2026-02-05', 'channel': '未知', 'remark': '无'}
2026-02-05 15:26:41,533 - __main__ - WARNING - 第15行数量转换失败: 10个, 错误: invalid literal for int() with base 10: '10个'
2026-02-05 15:26:41,534 - __main__ - DEBUG - 第15行映射结果: {'category': 'ZX-MX1.25-2PLT', 'type': '线对板针座', 'model': '1x2P 间距1.25mm 立贴 MX1.25系列', 'package': 'SMD,P=1.25mm', 'supplier': '未知供应商', 'quantity': 0, 'unit': '个', 'location': '未知位置', 'price': 0.0, 'buy_time': '2026-02-05', 'channel': '未知', 'remark': '无'}
2026-02-05 15:26:41,534 - __main__ - WARNING - 第16行数量转换失败: 50个, 错误: invalid literal for int() with base 10: '50个'
2026-02-05 15:26:41,534 - __main__ - DEBUG - 第16行映射结果: {'category': 'SS8050', 'type': '三极管(BJT)', 'model': 'NPN 电流1.5A 电压25V', 'package': 'SOT-23', 'supplier': '未知供应商', 'quantity': 0, 'unit': '个', 'location': '未知位置', 'price': 0.0, 'buy_time': '2026-02-05', 'channel': '未知', 'remark': '无'}
2026-02-05 15:26:41,534 - __main__ - WARNING - 第17行数量转换失败: 5个, 错误: invalid literal for int() with base 10: '5个'
2026-02-05 15:26:41,535 - __main__ - DEBUG - 第17行映射结果: {'category': 'AD8542ARUZ(UMW)', 'type': '运算放大器', 'model': '1.1MHz、85μA、CMOS、轨到轨输入输出', 'package': 'TSSOP-8', 'supplier': '未知供应商', 'quantity': 0, 'unit': '个', 'location': '未知位置', 'price': 0.0, 'buy_time': '2026-02-05', 'channel': '未知', 'remark': '无'}
2026-02-05 15:26:41,535 - __main__ - WARNING - 第18行数量转换失败: 20个, 错误: invalid literal for int() with base 10: '20个'
2026-02-05 15:26:41,535 - __main__ - DEBUG - 第18行映射结果: {'category': 'AMS1117-3.3', 'type': '线性稳压器(LDO)', 'model': '3.3V 电流1A 耐压12V', 'package': 'SOT-223', 'supplier': '未知供应商', 'quantity': 0, 'unit': '个', 'location': '未知位置', 'price': 0.0, 'buy_time': '2026-02-05', 'channel': '未知', 'remark': '无'}
2026-02-05 15:26:41,536 - __main__ - WARNING - 第19行数量转换失败: 20个, 错误: invalid literal for int() with base 10: '20个'
2026-02-05 15:26:41,536 - __main__ - DEBUG - 第19行映射结果: {'category': 'SN74LVC1G3157DCKR', 'type': '模拟开关/多路复用器', 'model': 'UMW SN74LVC1G3157 二选一模拟开关电路', 'package': 'SC-70-6', 'supplier': '未知供应商', 'quantity': 0, 'unit': '个', 'location': '未知位置', 'price': 0.0, 'buy_time': '2026-02-05', 'channel': '未知', 'remark': '无'}
2026-02-05 15:26:41,536 - __main__ - WARNING - 第20行数量转换失败: 5个, 错误: invalid literal for int() with base 10: '5个'
2026-02-05 15:26:41,536 - __main__ - DEBUG - 第20行映射结果: {'category': 'BX-FFC0.5-T-10048-4P', 'type': 'FFC连接线(柔性扁平线缆)', 'model': 'FFC排线0.5mm 4P总长100mm 同向 金手指4p', 'package': 'P=0.5mm', 'supplier': '未知供应商', 'quantity': 0, 'unit': '个', 'location': '未知位置', 'price': 0.0, 'buy_time': '2026-02-05', 'channel': '未知', 'remark': '无'}
2026-02-05 15:26:41,537 - __main__ - WARNING - 第21行数量转换失败: 5个, 错误: invalid literal for int() with base 10: '5个'
2026-02-05 15:26:41,537 - __main__ - DEBUG - 第21行映射结果: {'category': 'BX-PM2.54-1-6PY', 'type': '排母', 'model': '1x6P 间距2.54mm 直插', 'package': '插件,P=2.54mm', 'supplier': '未知供应商', 'quantity': 0, 'unit': '个', 'location': '未知位置', 'price': 0.0, 'buy_time': '2026-02-05', 'channel': '未知', 'remark': '无'}
2026-02-05 15:26:41,538 - __main__ - WARNING - 第22行数量转换失败: 20个, 错误: invalid literal for int() with base 10: '20个'
2026-02-05 15:26:41,538 - __main__ - DEBUG - 第22行映射结果: {'category': 'BX-XH2.54-4PZZ', 'type': '线对板针座', 'model': '1x4P 间距2.5mm 直插 XH系列', 'package': '插件,P=2.5mm', 'supplier': '未知供应商', 'quantity': 0, 'unit': '个', 'location': '未知位置', 'price': 0.0, 'buy_time': '2026-02-05', 'channel': '未知', 'remark': '无'}
2026-02-05 15:26:41,538 - __main__ - WARNING - 第23行数量转换失败: 50个, 错误: invalid literal for int() with base 10: '50个'
2026-02-05 15:26:41,539 - __main__ - DEBUG - 第23行映射结果: {'category': 'BX-PH2.0-2PZZ', 'type': '线对板针座', 'model': '1x2P 间距2mm 直插 PH系列', 'package': '插件,P=2mm', 'supplier': '未知供应商', 'quantity': 0, 'unit': '个', 'location': '未知位置', 'price': 0.0, 'buy_time': '2026-02-05', 'channel': '未知', 'remark': '无'}
2026-02-05 15:26:41,539 - __main__ - WARNING - 第24行数量转换失败: 50个, 错误: invalid literal for int() with base 10: '50个'
2026-02-05 15:26:41,539 - __main__ - DEBUG - 第24行映射结果: {'category': 'BX-XH2.54-2PZZ', 'type': '线对板针座', 'model': '1x2P 间距2.5mm 直插 XH系列', 'package': '插件,P=2.5mm', 'supplier': '未知供应商', 'quantity': 0, 'unit': '个', 'location': '未知位置', 'price': 0.0, 'buy_time': '2026-02-05', 'channel': '未知', 'remark': '无'}
2026-02-05 15:26:41,540 - __main__ - WARNING - 第25行数量转换失败: 20个, 错误: invalid literal for int() with base 10: '20个'
2026-02-05 15:26:41,540 - __main__ - DEBUG - 第25行映射结果: {'category': 'BX-PH2.0-6PZZ', 'type': '线对板针座', 'model': '1x6P 间距2mm 直插 PH系列', 'package': '插件,P=2mm', 'supplier': '未知供应商', 'quantity': 0, 'unit': '个', 'location': '未知位置', 'price': 0.0, 'buy_time': '2026-02-05', 'channel': '未知', 'remark': '无'}
2026-02-05 15:26:41,541 - __main__ - WARNING - 第26行数量转换失败: 50个, 错误: invalid literal for int() with base 10: '50个'
2026-02-05 15:26:41,541 - __main__ - DEBUG - 第26行映射结果: {'category': 'SOD4007', 'type': '通用二极管', 'model': '1kV 电流1A', 'package': 'SOD-123FL', 'supplier': '未知供应商', 'quantity': 0, 'unit': '个', 'location': '未知位置', 'price': 0.0, 'buy_time': '2026-02-05', 'channel': '未知', 'remark': '无'}
2026-02-05 15:26:41,541 - __main__ - WARNING - 第27行数量转换失败: 20个, 错误: invalid literal for int() with base 10: '20个'
2026-02-05 15:26:41,542 - __main__ - DEBUG - 第27行映射结果: {'category': 'MMBT3904-E', 'type': '三极管(BJT)', 'model': 'hFE:100-300 NPN 电流200mA 电压40V', 'package': 'SOT-23', 'supplier': '未知供应商', 'quantity': 0, 'unit': '个', 'location': '未知位置', 'price': 0.0, 'buy_time': '2026-02-05', 'channel': '未知', 'remark': '无'}
2026-02-05 15:26:41,542 - __main__ - WARNING - 第28行数量转换失败: 50个, 错误: invalid literal for int() with base 10: '50个'
2026-02-05 15:26:41,543 - __main__ - DEBUG - 第28行映射结果: {'category': 'SS8550', 'type': '三极管(BJT)', 'model': 'H档200-350 PNP 电流1.5A 电压25V', 'package': 'SOT-23', 'supplier': '未知供应商', 'quantity': 0, 'unit': '个', 'location': '未知位置', 'price': 0.0, 'buy_time': '2026-02-05', 'channel': '未知', 'remark': '无'}
2026-02-05 15:26:41,543 - __main__ - WARNING - 第29行数量转换失败: 50个, 错误: invalid literal for int() with base 10: '50个'
2026-02-05 15:26:41,543 - __main__ - DEBUG - 第29行映射结果: {'category': 'S8050', 'type': '三极管(BJT)', 'model': 'hFE:200-350 NPN 电流500mA 电压25V', 'package': 'SOT-23', 'supplier': '未知供应商', 'quantity': 0, 'unit': '个', 'location': '未知位置', 'price': 0.0, 'buy_time': '2026-02-05', 'channel': '未知', 'remark': '无'}
2026-02-05 15:26:41,544 - __main__ - WARNING - 第30行数量转换失败: 50个, 错误: invalid literal for int() with base 10: '50个'
2026-02-05 15:26:41,544 - __main__ - DEBUG - 第30行映射结果: {'category': '1N4148WS-E', 'type': '开关二极管', 'model': '开关二极管', 'package': 'SOD-323', 'supplier': '未知供应商', 'quantity': 0, 'unit': '个', 'location': '未知位置', 'price': 0.0, 'buy_time': '2026-02-05', 'channel': '未知', 'remark': '无'}
2026-02-05 15:26:41,545 - __main__ - WARNING - 第31行数量转换失败: 20个, 错误: invalid literal for int() with base 10: '20个'
2026-02-05 15:26:41,545 - __main__ - DEBUG - 第31行映射结果: {'category': '1N5819', 'type': '肖特基二极管', 'model': '电压40V 电流1A', 'package': 'DO-41', 'supplier': '未知供应商', 'quantity': 0, 'unit': '个', 'location': '未知位置', 'price': 0.0, 'buy_time': '2026-02-05', 'channel': '未知', 'remark': '无'}
2026-02-05 15:26:41,546 - __main__ - WARNING - 第32行数量转换失败: 5个, 错误: invalid literal for int() with base 10: '5个'
2026-02-05 15:26:41,546 - __main__ - DEBUG - 第32行映射结果: {'category': 'XZLEL89CSI-KPIYLC-8M', 'type': '无源晶振', 'model': 'YSX321SL 8MHZ 4P 3225 20PF ±10PPM -40~85℃', 'package': 'SMD3225-4P', 'supplier': '未知供应商', 'quantity': 0, 'unit': '个', 'location': '未知位置', 'price': 0.0, 'buy_time': '2026-02-05', 'channel': '未知', 'remark': '无'}
2026-02-05 15:26:41,546 - __main__ - WARNING - 第33行数量转换失败: 10个, 错误: invalid literal for int() with base 10: '10个'
2026-02-05 15:26:41,546 - __main__ - DEBUG - 第33行映射结果: {'category': 'X322512MSB4SI', 'type': '无源晶振', 'model': 'YSX321SL 12MHZ 4P 3225 20PF ±10PPM -40~85℃', 'package': 'SMD3225-4P', 'supplier': '未知供应商', 'quantity': 0, 'unit': '个', 'location': '未知位置', 'price': 0.0, 'buy_time': '2026-02-05', 'channel': '未知', 'remark': '无'}
2026-02-05 15:26:41,546 - __main__ - WARNING - 第34行数量转换失败: 20个, 错误: invalid literal for int() with base 10: '20个'
2026-02-05 15:26:41,547 - __main__ - DEBUG - 第34行映射结果: {'category': 'X322532MOB4SI', 'type': '无源晶振', 'model': 'YSX321SL 32MHZ 4P 3225 12PF ±10PPM -40~85℃', 'package': 'SMD3225-4P', 'supplier': '未知供应商', 'quantity': 0, 'unit': '个', 'location': '未知位置', 'price': 0.0, 'buy_time': '2026-02-05', 'channel': '未知', 'remark': '无'}
2026-02-05 15:26:41,547 - __main__ - WARNING - 第35行数量转换失败: 40个, 错误: invalid literal for int() with base 10: '40个'
2026-02-05 15:26:41,547 - __main__ - DEBUG - 第35行映射结果: {'category': 'TP4057', 'type': '电池管理', 'model': '500mA线性锂离子电池充电器', 'package': 'SOT-23-6', 'supplier': '未知供应商', 'quantity': 0, 'unit': '个', 'location': '未知位置', 'price': 0.0, 'buy_time': '2026-02-05', 'channel': '未知', 'remark': '无'}
2026-02-05 15:26:41,547 - __main__ - WARNING - 第36行数量转换失败: 20个, 错误: invalid literal for int() with base 10: '20个'
2026-02-05 15:26:41,548 - __main__ - DEBUG - 第36行映射结果: {'category': 'AO3400A', 'type': '场效应管(MOSFET)', 'model': '1个N沟道 耐压30V 电流5.8A', 'package': 'SOT-23', 'supplier': '未知供应商', 'quantity': 0, 'unit': '个', 'location': '未知位置', 'price': 0.0, 'buy_time': '2026-02-05', 'channel': '未知', 'remark': '无'}
2026-02-05 15:26:41,548 - __main__ - WARNING - 第37行数量转换失败: 20个, 错误: invalid literal for int() with base 10: '20个'
2026-02-05 15:26:41,548 - __main__ - DEBUG - 第37行映射结果: {'category': 'AO3401A', 'type': '场效应管(MOSFET)', 'model': '1个P沟道 耐压30V 电流4.2A', 'package': 'SOT-23', 'supplier': '未知供应商', 'quantity': 0, 'unit': '个', 'location': '未知位置', 'price': 0.0, 'buy_time': '2026-02-05', 'channel': '未知', 'remark': '无'}
2026-02-05 15:26:41,548 - __main__ - WARNING - 第38行数量转换失败: 1个, 错误: invalid literal for int() with base 10: '1个'
2026-02-05 15:26:41,549 - __main__ - DEBUG - 第38行映射结果: {'category': 'YR-SX-20', 'type': '助焊剂/助焊膏', 'model': '亚润松香助焊剂 纯度高电焊松香', 'package': '-', 'supplier': '未知供应商', 'quantity': 0, 'unit': '个', 'location': '未知位置', 'price': 0.0, 'buy_time': '2026-02-05', 'channel': '未知', 'remark': '无'}
2026-02-05 15:26:41,549 - __main__ - WARNING - 第39行数量转换失败: 1卷, 错误: invalid literal for int() with base 10: '1卷'
2026-02-05 15:26:41,549 - __main__ - DEBUG - 第39行映射结果: {'category': 'Sn63Pb37 0.6mm 40g', 'type': '锡丝/锡线', 'model': '永佳润 高纯度体验版 焊锡丝0.6mm/40G', 'package': '-', 'supplier': '未知供应商', 'quantity': 0, 'unit': '个', 'location': '未知位置', 'price': 0.0, 'buy_time': '2026-02-05', 'channel': '未知', 'remark': '无'}
2026-02-05 15:26:41,549 - __main__ - WARNING - 第40行数量转换失败: 1卷, 错误: invalid literal for int() with base 10: '1卷'
2026-02-05 15:26:41,549 - __main__ - DEBUG - 第40行映射结果: {'category': 'Sn63Pb37 1.2mm 40g', 'type': '锡丝/锡线', 'model': '永佳润 高纯度体验版 焊锡丝1.2mm/40G', 'package': '-', 'supplier': '未知供应商', 'quantity': 0, 'unit': '个', 'location': '未知位置', 'price': 0.0, 'buy_time': '2026-02-05', 'channel': '未知', 'remark': '无'}
2026-02-05 15:26:41,550 - __main__ - WARNING - 第41行数量转换失败: 10个, 错误: invalid literal for int() with base 10: '10个'
2026-02-05 15:26:41,550 - __main__ - DEBUG - 第41行映射结果: {'category': 'F0501-T-10-20T-R', 'type': 'FFC/FPC连接器', 'model': '抽屉式 上接 P数10P 间距0.5mm', 'package': 'SMD,P=0.5mm', 'supplier': '未知供应商', 'quantity': 0, 'unit': '个', 'location': '未知位置', 'price': 0.0, 'buy_time': '2026-02-05', 'channel': '未知', 'remark': '无'}
2026-02-05 15:26:41,550 - __main__ - WARNING - 第42行数量转换失败: 5个, 错误: invalid literal for int() with base 10: '5个'
2026-02-05 15:26:41,550 - __main__ - DEBUG - 第42行映射结果: {'category': 'PM254V-11-16-H85', 'type': '排母', 'model': '1x16P 间距2.54mm 直插 托盘', 'package': '插件,P=2.54mm', 'supplier': '未知供应商', 'quantity': 0, 'unit': '个', 'location': '未知位置', 'price': 0.0, 'buy_time': '2026-02-05', 'channel': '未知', 'remark': '无'}
2026-02-05 15:26:41,550 - __main__ - WARNING - 第43行数量转换失败: 20个, 错误: invalid literal for int() with base 10: '20个'
2026-02-05 15:26:41,551 - __main__ - DEBUG - 第43行映射结果: {'category': 'XF7126', 'type': '电子线', 'model': 'UL1007/22 红色 L=100 双端上锡 3.0MM 袋装', 'package': '-', 'supplier': '未知供应商', 'quantity': 0, 'unit': '个', 'location': '未知位置', 'price': 0.0, 'buy_time': '2026-02-05', 'channel': '未知', 'remark': '无'}
2026-02-05 15:26:41,551 - __main__ - WARNING - 第44行数量转换失败: 20个, 错误: invalid literal for int() with base 10: '20个'
2026-02-05 15:26:41,551 - __main__ - DEBUG - 第44行映射结果: {'category': 'XF7129', 'type': '电子线', 'model': 'UL1007/22 黑色 L=100 双端上锡 3.0MM 袋装', 'package': '-', 'supplier': '未知供应商', 'quantity': 0, 'unit': '个', 'location': '未知位置', 'price': 0.0, 'buy_time': '2026-02-05', 'channel': '未知', 'remark': '无'}
2026-02-05 15:26:41,552 - __main__ - WARNING - 第45行数量转换失败: 20个, 错误: invalid literal for int() with base 10: '20个'
2026-02-05 15:26:41,552 - __main__ - DEBUG - 第45行映射结果: {'category': 'XF7127', 'type': '电子线', 'model': 'UL1007/22 白色 L=100 双端上锡 3.0MM 袋装', 'package': '-', 'supplier': '未知供应商', 'quantity': 0, 'unit': '个', 'location': '未知位置', 'price': 0.0, 'buy_time': '2026-02-05', 'channel': '未知', 'remark': '无'}
2026-02-05 15:26:41,552 - __main__ - WARNING - 第46行数量转换失败: 20个, 错误: invalid literal for int() with base 10: '20个'
2026-02-05 15:26:41,552 - __main__ - DEBUG - 第46行映射结果: {'category': 'XF7128', 'type': '电子线', 'model': 'UL1007/22 黄色 L=100 双端上锡 3.0MM 袋装', 'package': '-', 'supplier': '未知供应商', 'quantity': 0, 'unit': '个', 'location': '未知位置', 'price': 0.0, 'buy_time': '2026-02-05', 'channel': '未知', 'remark': '无'}
2026-02-05 15:26:41,553 - __main__ - WARNING - 第47行数量转换失败: 20个, 错误: invalid literal for int() with base 10: '20个'
2026-02-05 15:26:41,553 - __main__ - DEBUG - 第47行映射结果: {'category': 'XF7130', 'type': '电子线', 'model': 'UL1007/22 蓝色 L=100 双端上锡 3.0MM 袋装', 'package': '-', 'supplier': '未知供应商', 'quantity': 0, 'unit': '个', 'location': '未知位置', 'price': 0.0, 'buy_time': '2026-02-05', 'channel': '未知', 'remark': '无'}
2026-02-05 15:26:41,553 - __main__ - WARNING - 第48行数量转换失败: 100只, 错误: invalid literal for int() with base 10: '100只'
2026-02-05 15:26:41,553 - __main__ - DEBUG - 第48行映射结果: {'category': '4.7R', 'type': '贴片电阻', 'model': '4.7Ω 精度1%', 'package': '0603', 'supplier': '未知供应商', 'quantity': 0, 'unit': '个', 'location': '未知位置', 'price': 0.0, 'buy_time': '2026-02-05', 'channel': '未知', 'remark': '无'}
2026-02-05 15:26:41,554 - __main__ - WARNING - 第49行数量转换失败: 100个, 错误: invalid literal for int() with base 10: '100个'
2026-02-05 15:26:41,554 - __main__ - DEBUG - 第49行映射结果: {'category': 'FRC0603F5101TS', 'type': '贴片电阻', 'model': '5.1kΩ ±1% 100mW 厚膜电阻', 'package': '0603', 'supplier': '未知供应商', 'quantity': 0, 'unit': '个', 'location': '未知位置', 'price': 0.0, 'buy_time': '2026-02-05', 'channel': '未知', 'remark': '无'}
2026-02-05 15:26:41,555 - __main__ - WARNING - 第50行数量转换失败: 100个, 错误: invalid literal for int() with base 10: '100个'
2026-02-05 15:26:41,555 - __main__ - DEBUG - 第50行映射结果: {'category': 'FRC0603F2200TS', 'type': '贴片电阻', 'model': '220Ω ±1% 100mW 厚膜电阻', 'package': '0603', 'supplier': '未知供应商', 'quantity': 0, 'unit': '个', 'location': '未知位置', 'price': 0.0, 'buy_time': '2026-02-05', 'channel': '未知', 'remark': '无'}
2026-02-05 15:26:41,556 - __main__ - WARNING - 第51行数量转换失败: 100个, 错误: invalid literal for int() with base 10: '100个'
2026-02-05 15:26:41,556 - __main__ - DEBUG - 第51行映射结果: {'category': 'FRC0603J101TS', 'type': '贴片电阻', 'model': '100Ω ±5% 100mW 厚膜电阻', 'package': '0603', 'supplier': '未知供应商', 'quantity': 0, 'unit': '个', 'location': '未知位置', 'price': 0.0, 'buy_time': '2026-02-05', 'channel': '未知', 'remark': '无'}
2026-02-05 15:26:41,556 - __main__ - WARNING - 第52行数量转换失败: 50个, 错误: invalid literal for int() with base 10: '50个'
2026-02-05 15:26:41,557 - __main__ - DEBUG - 第52行映射结果: {'category': 'GR2512J360RT4G00', 'type': '贴片电阻', 'model': '360Ω ±5%', 'package': '2512', 'supplier': '未知供应商', 'quantity': 0, 'unit': '个', 'location': '未知位置', 'price': 0.0, 'buy_time': '2026-02-05', 'channel': '未知', 'remark': '无'}
2026-02-05 15:26:41,557 - __main__ - WARNING - 第53行数量转换失败: 100个, 错误: invalid literal for int() with base 10: '100个'
2026-02-05 15:26:41,558 - __main__ - DEBUG - 第53行映射结果: {'category': 'FRC0603F6203TS', 'type': '贴片电阻', 'model': '620kΩ ±1% 100mW 厚膜电阻', 'package': '0603', 'supplier': '未知供应商', 'quantity': 0, 'unit': '个', 'location': '未知位置', 'price': 0.0, 'buy_time': '2026-02-05', 'channel': '未知', 'remark': '无'}
2026-02-05 15:26:41,558 - __main__ - WARNING - 第54行数量转换失败: 100个, 错误: invalid literal for int() with base 10: '100个'
2026-02-05 15:26:41,558 - __main__ - DEBUG - 第54行映射结果: {'category': 'FRC0603F2403TS', 'type': '贴片电阻', 'model': '240kΩ ±1% 100mW 厚膜电阻', 'package': '0603', 'supplier': '未知供应商', 'quantity': 0, 'unit': '个', 'location': '未知位置', 'price': 0.0, 'buy_time': '2026-02-05', 'channel': '未知', 'remark': '无'}
2026-02-05 15:26:41,559 - __main__ - WARNING - 第55行数量转换失败: 100个, 错误: invalid literal for int() with base 10: '100个'
2026-02-05 15:26:41,559 - __main__ - DEBUG - 第55行映射结果: {'category': 'RCA032KFLF', 'type': '贴片电阻', 'model': '2kΩ ±1% 100mW', 'package': '0603', 'supplier': '未知供应商', 'quantity': 0, 'unit': '个', 'location': '未知位置', 'price': 0.0, 'buy_time': '2026-02-05', 'channel': '未知', 'remark': '无'}
2026-02-05 15:26:41,559 - __main__ - WARNING - 第56行数量转换失败: 100个, 错误: invalid literal for int() with base 10: '100个'
2026-02-05 15:26:41,559 - __main__ - DEBUG - 第56行映射结果: {'category': 'FRC0603F27R0TS', 'type': '贴片电阻', 'model': '27Ω ±1% 100mW 厚膜电阻', 'package': '0603', 'supplier': '未知供应商', 'quantity': 0, 'unit': '个', 'location': '未知位置', 'price': 0.0, 'buy_time': '2026-02-05', 'channel': '未知', 'remark': '无'}
2026-02-05 15:26:41,560 - __main__ - WARNING - 第57行数量转换失败: 100个, 错误: invalid literal for int() with base 10: '100个'
2026-02-05 15:26:41,560 - __main__ - DEBUG - 第57行映射结果: {'category': 'GR1206J40390G', 'type': '贴片电阻', 'model': '39Ω ±5% 1/4W ±200ppm/℃', 'package': '1206', 'supplier': '未知供应商', 'quantity': 0, 'unit': '个', 'location': '未知位置', 'price': 0.0, 'buy_time': '2026-02-05', 'channel': '未知', 'remark': '无'}
2026-02-05 15:26:41,560 - __main__ - WARNING - 第58行数量转换失败: 20个, 错误: invalid literal for int() with base 10: '20个'
2026-02-05 15:26:41,560 - __main__ - DEBUG - 第58行映射结果: {'category': 'SR0603FR-7T1RL', 'type': '贴片电阻', 'model': '1Ω ±1% 1/4W ±200ppm/℃', 'package': '0603', 'supplier': '未知供应商', 'quantity': 0, 'unit': '个', 'location': '未知位置', 'price': 0.0, 'buy_time': '2026-02-05', 'channel': '未知', 'remark': '无'}
2026-02-05 15:26:41,561 - __main__ - WARNING - 第59行数量转换失败: 50个, 错误: invalid literal for int() with base 10: '50个'
2026-02-05 15:26:41,561 - __main__ - DEBUG - 第59行映射结果: {'category': 'CR0603JA0152G', 'type': '贴片电阻', 'model': '1.5kΩ ±5% 1/10W ±200ppm/℃', 'package': '0603', 'supplier': '未知供应商', 'quantity': 0, 'unit': '个', 'location': '未知位置', 'price': 0.0, 'buy_time': '2026-02-05', 'channel': '未知', 'remark': '无'}
2026-02-05 15:26:41,561 - __main__ - WARNING - 第60行数量转换失败: 100个, 错误: invalid literal for int() with base 10: '100个'
2026-02-05 15:26:41,561 - __main__ - DEBUG - 第60行映射结果: {'category': 'CR0603JA0100G', 'type': '贴片电阻', 'model': '10Ω ±5% 1/10W ±200ppm/℃', 'package': '0603', 'supplier': '未知供应商', 'quantity': 0, 'unit': '个', 'location': '未知位置', 'price': 0.0, 'buy_time': '2026-02-05', 'channel': '未知', 'remark': '无'}
2026-02-05 15:26:41,562 - __main__ - WARNING - 第61行数量转换失败: 50个, 错误: invalid literal for int() with base 10: '50个'
2026-02-05 15:26:41,562 - __main__ - DEBUG - 第61行映射结果: {'category': 'SCR0603J1K', 'type': '贴片电阻', 'model': '1kΩ ±5% 100mW ±200ppm/℃', 'package': '0603', 'supplier': '未知供应商', 'quantity': 0, 'unit': '个', 'location': '未知位置', 'price': 0.0, 'buy_time': '2026-02-05', 'channel': '未知', 'remark': '无'}
2026-02-05 15:26:41,562 - __main__ - WARNING - 第62行数量转换失败: 100个, 错误: invalid literal for int() with base 10: '100个'
2026-02-05 15:26:41,562 - __main__ - DEBUG - 第62行映射结果: {'category': 'SCR0603FR500', 'type': '贴片电阻', 'model': '500mΩ ±1% 100mW', 'package': '0603', 'supplier': '未知供应商', 'quantity': 0, 'unit': '个', 'location': '未知位置', 'price': 0.0, 'buy_time': '2026-02-05', 'channel': '未知', 'remark': '无'}
2026-02-05 15:26:41,562 - __main__ - WARNING - 第63行数量转换失败: 100个, 错误: invalid literal for int() with base 10: '100个'
2026-02-05 15:26:41,563 - __main__ - DEBUG - 第63行映射结果: {'category': 'FRC0603J103TS', 'type': '贴片电阻', 'model': '10kΩ ±5% 100mW 厚膜电阻', 'package': '0603', 'supplier': '未知供应商', 'quantity': 0, 'unit': '个', 'location': '未知位置', 'price': 0.0, 'buy_time': '2026-02-05', 'channel': '未知', 'remark': '无'}
2026-02-05 15:26:41,563 - __main__ - WARNING - 第64行数量转换失败: 100个, 错误: invalid literal for int() with base 10: '100个'
2026-02-05 15:26:41,563 - __main__ - DEBUG - 第64行映射结果: {'category': 'CR0603FA1802G', 'type': '贴片电阻', 'model': '18kΩ ±1% 1/10W ±100ppm/℃', 'package': '0603', 'supplier': '未知供应商', 'quantity': 0, 'unit': '个', 'location': '未知位置', 'price': 0.0, 'buy_time': '2026-02-05', 'channel': '未知', 'remark': '无'}
2026-02-05 15:26:41,564 - __main__ - WARNING - 第65行数量转换失败: 100只, 错误: invalid literal for int() with base 10: '100只'
2026-02-05 15:26:41,564 - __main__ - DEBUG - 第65行映射结果: {'category': '4.7K', 'type': '贴片电阻', 'model': '4.7kΩ 精度1%', 'package': '0603', 'supplier': '未知供应商', 'quantity': 0, 'unit': '个', 'location': '未知位置', 'price': 0.0, 'buy_time': '2026-02-05', 'channel': '未知', 'remark': '无'}
2026-02-05 15:26:41,564 - __main__ - WARNING - 第66行数量转换失败: 100个, 错误: invalid literal for int() with base 10: '100个'
2026-02-05 15:26:41,565 - __main__ - DEBUG - 第66行映射结果: {'category': 'S9014-GM', 'type': '三极管(BJT)', 'model': '未知型号', 'package': 'SOT-23', 'supplier': '未知供应商', 'quantity': 0, 'unit': '个', 'location': '未知位置', 'price': 0.0, 'buy_time': '2026-02-05', 'channel': '未知', 'remark': '无'}
2026-02-05 15:26:41,565 - __main__ - WARNING - 第67行数量转换失败: 50个, 错误: invalid literal for int() with base 10: '50个'
2026-02-05 15:26:41,565 - __main__ - DEBUG - 第67行映射结果: {'category': '1N5819WT', 'type': '肖特基二极管', 'model': '40V 350mA', 'package': 'SOD-523', 'supplier': '未知供应商', 'quantity': 0, 'unit': '个', 'location': '未知位置', 'price': 0.0, 'buy_time': '2026-02-05', 'channel': '未知', 'remark': '无'}
2026-02-05 15:26:41,565 - __main__ - WARNING - 第68行数量转换失败: 50个, 错误: invalid literal for int() with base 10: '50个'
2026-02-05 15:26:41,565 - __main__ - DEBUG - 第68行映射结果: {'category': 'SS8050-GM', 'type': '三极管(BJT)', 'model': '未知型号', 'package': 'SOT-23', 'supplier': '未知供应商', 'quantity': 0, 'unit': '个', 'location': '未知位置', 'price': 0.0, 'buy_time': '2026-02-05', 'channel': '未知', 'remark': '无'}
2026-02-05 15:26:41,566 - __main__ - WARNING - 第69行数量转换失败: 100个, 错误: invalid literal for int() with base 10: '100个'
2026-02-05 15:26:41,566 - __main__ - DEBUG - 第69行映射结果: {'category': 'SCR0603F47R', 'type': '贴片电阻', 'model': '47Ω ±1% 100mW 厚膜电阻', 'package': '0603', 'supplier': '未知供应商', 'quantity': 0, 'unit': '个', 'location': '未知位置', 'price': 0.0, 'buy_time': '2026-02-05', 'channel': '未知', 'remark': '无'}
2026-02-05 15:26:41,566 - __main__ - WARNING - 第70行数量转换失败: 20个, 错误: invalid literal for int() with base 10: '20个'
2026-02-05 15:26:41,567 - __main__ - DEBUG - 第70行映射结果: {'category': 'BAV99,215', 'type': '开关二极管', 'model': '100V 215mA', 'package': 'SOT-23', 'supplier': '未知供应商', 'quantity': 0, 'unit': '个', 'location': '未知位置', 'price': 0.0, 'buy_time': '2026-02-05', 'channel': '未知', 'remark': '无'}
2026-02-05 15:26:41,567 - __main__ - WARNING - 第71行数量转换失败: 20个, 错误: invalid literal for int() with base 10: '20个'
2026-02-05 15:26:41,567 - __main__ - DEBUG - 第71行映射结果: {'category': 'A03400', 'type': '场效应管(MOSFET)', 'model': 'N沟道 耐压30V 电流5.8A', 'package': 'SOT-23', 'supplier': '未知供应商', 'quantity': 0, 'unit': '个', 'location': '未知位置', 'price': 0.0, 'buy_time': '2026-02-05', 'channel': '未知', 'remark': '无'}
2026-02-05 15:26:41,567 - __main__ - WARNING - 第72行数量转换失败: 20个, 错误: invalid literal for int() with base 10: '20个'
2026-02-05 15:26:41,567 - __main__ - DEBUG - 第72行映射结果: {'category': 'A03401', 'type': '场效应管(MOSFET)', 'model': 'P沟道 30V 4.2A', 'package': 'SOT-23', 'supplier': '未知供应商', 'quantity': 0, 'unit': '个', 'location': '未知位置', 'price': 0.0, 'buy_time': '2026-02-05', 'channel': '未知', 'remark': '无'}
2026-02-05 15:26:41,568 - __main__ - WARNING - 第73行数量转换失败: 10个, 错误: invalid literal for int() with base 10: '10个'
2026-02-05 15:26:41,568 - __main__ - DEBUG - 第73行映射结果: {'category': 'RT9013-33GB-MS', 'type': '线性稳压器(LDO)', 'model': '3.3V 500mA 5.5V', 'package': 'SOT-23-5', 'supplier': '未知供应商', 'quantity': 0, 'unit': '个', 'location': '未知位置', 'price': 0.0, 'buy_time': '2026-02-05', 'channel': '未知', 'remark': '无'}
2026-02-05 15:26:41,568 - __main__ - WARNING - 第74行数量转换失败: 100个, 错误: invalid literal for int() with base 10: '100个'
2026-02-05 15:26:41,568 - __main__ - DEBUG - 第74行映射结果: {'category': 'CAI0603C0G120J500JT', 'type': '贴片电容(MLCC)', 'model': '12pF ±5% 50V', 'package': '0603', 'supplier': '未知供应商', 'quantity': 0, 'unit': '个', 'location': '未知位置', 'price': 0.0, 'buy_time': '2026-02-05', 'channel': '未知', 'remark': '无'}
2026-02-05 15:26:41,569 - __main__ - WARNING - 第75行数量转换失败: 100个, 错误: invalid literal for int() with base 10: '100个'
2026-02-05 15:26:41,569 - __main__ - DEBUG - 第75行映射结果: {'category': 'CC0603KRX7R9BB103', 'type': '贴片电容(MLCC)', 'model': '10nF ±10% 50V X7R', 'package': '0603', 'supplier': '未知供应商', 'quantity': 0, 'unit': '个', 'location': '未知位置', 'price': 0.0, 'buy_time': '2026-02-05', 'channel': '未知', 'remark': '无'}
2026-02-05 15:26:41,569 - __main__ - WARNING - 第76行数量转换失败: 50个, 错误: invalid literal for int() with base 10: '50个'
2026-02-05 15:26:41,570 - __main__ - DEBUG - 第76行映射结果: {'category': 'TCC0603X5R106K160CT', 'type': '贴片电容(MLCC)', 'model': '10μF ±10% 16V X5R', 'package': '0603', 'supplier': '未知供应商', 'quantity': 0, 'unit': '个', 'location': '未知位置', 'price': 0.0, 'buy_time': '2026-02-05', 'channel': '未知', 'remark': '无'}
2026-02-05 15:26:41,570 - __main__ - WARNING - 第77行数量转换失败: 50个, 错误: invalid literal for int() with base 10: '50个'
2026-02-05 15:26:41,571 - __main__ - DEBUG - 第77行映射结果: {'category': 'CC0603ZRY5V8BB104', 'type': '贴片电容(MLCC)', 'model': '100nF -20~+80% 25V Y5V', 'package': '0603', 'supplier': '未知供应商', 'quantity': 0, 'unit': '个', 'location': '未知位置', 'price': 0.0, 'buy_time': '2026-02-05', 'channel': '未知', 'remark': '无'}
2026-02-05 15:26:41,571 - __main__ - INFO - 映射完成，共77条数据
2026-02-05 15:26:41,739 - __main__ - INFO - 二维码生成成功：static/qrcode/QR_1_NPN 电流200mA 电压40V_20260205152641.png
2026-02-05 15:26:41,792 - __main__ - INFO - 二维码生成成功：static/qrcode/QR_2_6MHz 轨到轨I_O输出，CMOS_20260205152641.png
2026-02-05 15:26:41,841 - __main__ - INFO - 二维码生成成功：static/qrcode/QR_3_3.3V 电流200mA 耐压6V_20260205152641.png
2026-02-05 15:26:41,883 - __main__ - INFO - 二维码生成成功：static/qrcode/QR_4_单路 阻抗1kΩ@100MHz_20260205152641.png
2026-02-05 15:26:41,925 - __main__ - INFO - 二维码生成成功：static/qrcode/QR_5_CMOS，轨到轨通用放大器_20260205152641.png
2026-02-05 15:26:41,965 - __main__ - INFO - 二维码生成成功：static/qrcode/QR_6_3.3V 耐压6V_20260205152641.png
2026-02-05 15:26:42,009 - __main__ - INFO - 二维码生成成功：static/qrcode/QR_7_双向TVS 24V截止 峰值脉冲电流15.4A_20260205152642.png
2026-02-05 15:26:42,054 - __main__ - INFO - 二维码生成成功：static/qrcode/QR_8_TVS 12V 7V截止 峰值浪涌电流17A@8_20us_20260205152642.png
2026-02-05 15:26:42,094 - __main__ - INFO - 二维码生成成功：static/qrcode/QR_9_3.3V 电流500mA 耐压7V_20260205152642.png
2026-02-05 15:26:42,141 - __main__ - INFO - 二维码生成成功：static/qrcode/QR_10_5V截止 峰值浪涌电流4.7A@8_20us_20260205152642.png
2026-02-05 15:26:42,183 - __main__ - INFO - 二维码生成成功：static/qrcode/QR_11_1x3P 间距2.5mm 卧贴 XH系列_20260205152642.png
2026-02-05 15:26:42,230 - __main__ - INFO - 二维码生成成功：static/qrcode/QR_12_1x3P 间距5.08mm 排数1 每排3P_20260205152642.png
2026-02-05 15:26:42,271 - __main__ - INFO - 二维码生成成功：static/qrcode/QR_13_1x16P 间距2.54mm 直插_20260205152642.png
2026-02-05 15:26:42,310 - __main__ - INFO - 二维码生成成功：static/qrcode/QR_14_翻盖式下接 8P 间距0.5mm_20260205152642.png
2026-02-05 15:26:42,350 - __main__ - INFO - 二维码生成成功：static/qrcode/QR_15_1x2P 间距1.25mm 立贴 MX1.25系列_20260205152642.png
2026-02-05 15:26:42,388 - __main__ - INFO - 二维码生成成功：static/qrcode/QR_16_NPN 电流1.5A 电压25V_20260205152642.png
2026-02-05 15:26:42,431 - __main__ - INFO - 二维码生成成功：static/qrcode/QR_17_1.1MHz、85μA、CMOS、轨到轨输入输出_20260205152642.png
2026-02-05 15:26:42,471 - __main__ - INFO - 二维码生成成功：static/qrcode/QR_18_3.3V 电流1A 耐压12V_20260205152642.png
2026-02-05 15:26:42,513 - __main__ - INFO - 二维码生成成功：static/qrcode/QR_19_UMW SN74LVC1G3157 二选一模拟开关电路_20260205152642.png
2026-02-05 15:26:42,557 - __main__ - INFO - 二维码生成成功：static/qrcode/QR_20_FFC排线0.5mm 4P总长100mm 同向 金手指4p_20260205152642.png
2026-02-05 15:26:42,595 - __main__ - INFO - 二维码生成成功：static/qrcode/QR_21_1x6P 间距2.54mm 直插_20260205152642.png
2026-02-05 15:26:42,634 - __main__ - INFO - 二维码生成成功：static/qrcode/QR_22_1x4P 间距2.5mm 直插 XH系列_20260205152642.png
2026-02-05 15:26:42,672 - __main__ - INFO - 二维码生成成功：static/qrcode/QR_23_1x2P 间距2mm 直插 PH系列_20260205152642.png
2026-02-05 15:26:42,712 - __main__ - INFO - 二维码生成成功：static/qrcode/QR_24_1x2P 间距2.5mm 直插 XH系列_20260205152642.png
2026-02-05 15:26:42,753 - __main__ - INFO - 二维码生成成功：static/qrcode/QR_25_1x6P 间距2mm 直插 PH系列_20260205152642.png
2026-02-05 15:26:42,793 - __main__ - INFO - 二维码生成成功：static/qrcode/QR_26_1kV 电流1A_20260205152642.png
2026-02-05 15:26:42,832 - __main__ - INFO - 二维码生成成功：static/qrcode/QR_27_hFE:100-300 NPN 电流200mA 电压40V_20260205152642.png
2026-02-05 15:26:42,871 - __main__ - INFO - 二维码生成成功：static/qrcode/QR_28_H档200-350 PNP 电流1.5A 电压25V_20260205152642.png
2026-02-05 15:26:42,909 - __main__ - INFO - 二维码生成成功：static/qrcode/QR_29_hFE:200-350 NPN 电流500mA 电压25V_20260205152642.png
2026-02-05 15:26:42,946 - __main__ - INFO - 二维码生成成功：static/qrcode/QR_30_开关二极管_20260205152642.png
2026-02-05 15:26:42,987 - __main__ - INFO - 二维码生成成功：static/qrcode/QR_31_电压40V 电流1A_20260205152642.png
2026-02-05 15:26:43,029 - __main__ - INFO - 二维码生成成功：static/qrcode/QR_32_YSX321SL 8MHZ 4P 3225 20PF ±10PPM -40~85℃_20260205152643.png
2026-02-05 15:26:43,067 - __main__ - INFO - 二维码生成成功：static/qrcode/QR_33_YSX321SL 12MHZ 4P 3225 20PF ±10PPM -40~85℃_20260205152643.png
2026-02-05 15:26:43,105 - __main__ - INFO - 二维码生成成功：static/qrcode/QR_34_YSX321SL 32MHZ 4P 3225 12PF ±10PPM -40~85℃_20260205152643.png
2026-02-05 15:26:43,143 - __main__ - INFO - 二维码生成成功：static/qrcode/QR_35_500mA线性锂离子电池充电器_20260205152643.png
2026-02-05 15:26:43,181 - __main__ - INFO - 二维码生成成功：static/qrcode/QR_36_1个N沟道 耐压30V 电流5.8A_20260205152643.png
2026-02-05 15:26:43,220 - __main__ - INFO - 二维码生成成功：static/qrcode/QR_37_1个P沟道 耐压30V 电流4.2A_20260205152643.png
2026-02-05 15:26:43,258 - __main__ - INFO - 二维码生成成功：static/qrcode/QR_38_亚润松香助焊剂 纯度高电焊松香_20260205152643.png
2026-02-05 15:26:43,297 - __main__ - INFO - 二维码生成成功：static/qrcode/QR_39_永佳润 高纯度体验版 焊锡丝0.6mm_40G_20260205152643.png
2026-02-05 15:26:43,337 - __main__ - INFO - 二维码生成成功：static/qrcode/QR_40_永佳润 高纯度体验版 焊锡丝1.2mm_40G_20260205152643.png
2026-02-05 15:26:43,408 - __main__ - INFO - 二维码生成成功：static/qrcode/QR_77_100nF -20~+80% 25V Y5V_20260205152643.png
2026-02-05 15:26:43,464 - __main__ - INFO - 二维码生成成功：static/qrcode/QR_76_10μF ±10% 16V X5R_20260205152643.png
2026-02-05 15:26:43,525 - __main__ - INFO - 二维码生成成功：static/qrcode/QR_75_10nF ±10% 50V X7R_20260205152643.png
2026-02-05 15:26:43,578 - __main__ - INFO - 二维码生成成功：static/qrcode/QR_74_12pF ±5% 50V_20260205152643.png
2026-02-05 15:26:43,631 - __main__ - INFO - 二维码生成成功：static/qrcode/QR_73_3.3V 500mA 5.5V_20260205152643.png
2026-02-05 15:26:43,688 - __main__ - INFO - 二维码生成成功：static/qrcode/QR_72_P沟道 30V 4.2A_20260205152643.png
2026-02-05 15:26:43,749 - __main__ - INFO - 二维码生成成功：static/qrcode/QR_71_N沟道 耐压30V 电流5.8A_20260205152643.png
2026-02-05 15:26:43,811 - __main__ - INFO - 二维码生成成功：static/qrcode/QR_70_100V 215mA_20260205152643.png
2026-02-05 15:26:43,868 - __main__ - INFO - 二维码生成成功：static/qrcode/QR_69_47Ω ±1% 100mW 厚膜电阻_20260205152643.png
2026-02-05 15:26:43,919 - __main__ - INFO - 二维码生成成功：static/qrcode/QR_68_未知型号_20260205152643.png
2026-02-05 15:26:43,967 - __main__ - INFO - 二维码生成成功：static/qrcode/QR_67_40V 350mA_20260205152643.png
2026-02-05 15:26:44,015 - __main__ - INFO - 二维码生成成功：static/qrcode/QR_66_未知型号_20260205152644.png
2026-02-05 15:26:44,060 - __main__ - INFO - 二维码生成成功：static/qrcode/QR_65_4.7kΩ 精度1%_20260205152644.png
2026-02-05 15:26:44,110 - __main__ - INFO - 二维码生成成功：static/qrcode/QR_64_18kΩ ±1% 1_10W ±100ppm_℃_20260205152644.png
2026-02-05 15:26:44,155 - __main__ - INFO - 二维码生成成功：static/qrcode/QR_63_10kΩ ±5% 100mW 厚膜电阻_20260205152644.png
2026-02-05 15:26:44,201 - __main__ - INFO - 二维码生成成功：static/qrcode/QR_62_500mΩ ±1% 100mW_20260205152644.png
2026-02-05 15:26:44,250 - __main__ - INFO - 二维码生成成功：static/qrcode/QR_61_1kΩ ±5% 100mW ±200ppm_℃_20260205152644.png
2026-02-05 15:26:44,295 - __main__ - INFO - 二维码生成成功：static/qrcode/QR_60_10Ω ±5% 1_10W ±200ppm_℃_20260205152644.png
2026-02-05 15:26:44,341 - __main__ - INFO - 二维码生成成功：static/qrcode/QR_59_1.5kΩ ±5% 1_10W ±200ppm_℃_20260205152644.png
2026-02-05 15:26:44,391 - __main__ - INFO - 二维码生成成功：static/qrcode/QR_58_1Ω ±1% 1_4W ±200ppm_℃_20260205152644.png
2026-02-05 15:26:44,436 - __main__ - INFO - 二维码生成成功：static/qrcode/QR_57_39Ω ±5% 1_4W ±200ppm_℃_20260205152644.png
2026-02-05 15:26:44,484 - __main__ - INFO - 二维码生成成功：static/qrcode/QR_56_27Ω ±1% 100mW 厚膜电阻_20260205152644.png
2026-02-05 15:26:44,535 - __main__ - INFO - 二维码生成成功：static/qrcode/QR_55_2kΩ ±1% 100mW_20260205152644.png
2026-02-05 15:26:44,587 - __main__ - INFO - 二维码生成成功：static/qrcode/QR_54_240kΩ ±1% 100mW 厚膜电阻_20260205152644.png
2026-02-05 15:26:44,635 - __main__ - INFO - 二维码生成成功：static/qrcode/QR_53_620kΩ ±1% 100mW 厚膜电阻_20260205152644.png
2026-02-05 15:26:44,685 - __main__ - INFO - 二维码生成成功：static/qrcode/QR_52_360Ω ±5%_20260205152644.png
2026-02-05 15:26:44,731 - __main__ - INFO - 二维码生成成功：static/qrcode/QR_51_100Ω ±5% 100mW 厚膜电阻_20260205152644.png
2026-02-05 15:26:44,779 - __main__ - INFO - 二维码生成成功：static/qrcode/QR_50_220Ω ±1% 100mW 厚膜电阻_20260205152644.png
2026-02-05 15:26:44,824 - __main__ - INFO - 二维码生成成功：static/qrcode/QR_49_5.1kΩ ±1% 100mW 厚膜电阻_20260205152644.png
2026-02-05 15:26:44,865 - __main__ - INFO - 二维码生成成功：static/qrcode/QR_48_4.7Ω 精度1%_20260205152644.png
2026-02-05 15:26:44,915 - __main__ - INFO - 二维码生成成功：static/qrcode/QR_47_UL1007_22 蓝色 L=100 双端上锡 3.0MM 袋装_20260205152644.png
2026-02-05 15:26:44,968 - __main__ - INFO - 二维码生成成功：static/qrcode/QR_46_UL1007_22 黄色 L=100 双端上锡 3.0MM 袋装_20260205152644.png
2026-02-05 15:26:45,022 - __main__ - INFO - 二维码生成成功：static/qrcode/QR_45_UL1007_22 白色 L=100 双端上锡 3.0MM 袋装_20260205152645.png
2026-02-05 15:26:45,078 - __main__ - INFO - 二维码生成成功：static/qrcode/QR_44_UL1007_22 黑色 L=100 双端上锡 3.0MM 袋装_20260205152645.png
2026-02-05 15:26:45,135 - __main__ - INFO - 二维码生成成功：static/qrcode/QR_43_UL1007_22 红色 L=100 双端上锡 3.0MM 袋装_20260205152645.png
2026-02-05 15:26:45,194 - __main__ - INFO - 二维码生成成功：static/qrcode/QR_42_1x16P 间距2.54mm 直插 托盘_20260205152645.png
2026-02-05 15:26:45,253 - __main__ - INFO - 二维码生成成功：static/qrcode/QR_41_抽屉式 上接 P数10P 间距0.5mm_20260205152645.png
2026-02-05 15:26:45,253 - __main__ - INFO - BOM导入完成：新增37，合并40，覆盖0，跳过0，总计77
2026-02-05 15:26:45,265 - werkzeug - INFO - 127.0.0.1 - - [05/Feb/2026 15:26:45] "POST /do_bom_import HTTP/1.1" 200 -
2026-02-05 15:28:42,065 - __main__ - INFO - 数据库表初始化完成
2026-02-05 15:28:42,066 - __main__ - INFO - component表存在
2026-02-05 15:28:42,067 - __main__ - INFO - component表列: ['id', 'category', 'type', 'model', 'package', 'supplier', 'quantity', 'unit', 'location', 'price', 'buy_time', 'channel', 'remark', 'img_path', 'attach_path', 'qrcode_path']
2026-02-05 15:28:43,334 - werkzeug - INFO - [31m[1mWARNING: This is a development server. Do not use it in a production deployment. Use a production WSGI server instead.[0m
 * Running on all addresses (0.0.0.0)
 * Running on http://127.0.0.1:5000
 * Running on http://192.168.3.51:5000
2026-02-05 15:28:43,334 - werkzeug - INFO - [33mPress CTRL+C to quit[0m
2026-02-05 15:28:45,641 - werkzeug - INFO - 127.0.0.1 - - [05/Feb/2026 15:28:45] "GET / HTTP/1.1" 200 -
2026-02-05 15:28:54,843 - werkzeug - INFO - 127.0.0.1 - - [05/Feb/2026 15:28:54] "GET / HTTP/1.1" 200 -
2026-02-05 15:29:07,932 - werkzeug - INFO - 127.0.0.1 - - [05/Feb/2026 15:29:07] "GET / HTTP/1.1" 200 -
2026-02-05 15:30:14,763 - werkzeug - INFO - 127.0.0.1 - - [05/Feb/2026 15:30:14] "GET /?selected=&adv_cate=&adv_type=电阻&adv_model=&adv_pack=&adv_sup=&adv_loc=&adv_chan=&adv_start=&adv_end= HTTP/1.1" 200 -
2026-02-05 15:30:23,272 - werkzeug - INFO - 127.0.0.1 - - [05/Feb/2026 15:30:23] "GET /?selected=&kw=1 HTTP/1.1" 200 -
2026-02-05 15:30:45,341 - werkzeug - INFO - 127.0.0.1 - - [05/Feb/2026 15:30:45] "GET /?selected=&kw=1 HTTP/1.1" 200 -
2026-02-05 15:31:45,989 - werkzeug - INFO - 127.0.0.1 - - [05/Feb/2026 15:31:45] "GET /?selected=&kw=12 HTTP/1.1" 200 -
2026-02-05 15:31:58,399 - werkzeug - INFO - 127.0.0.1 - - [05/Feb/2026 15:31:58] "GET /?selected=&adv_cate=&adv_type=电阻&adv_model=&adv_pack=&adv_sup=&adv_loc=&adv_chan=&adv_start=&adv_end= HTTP/1.1" 200 -
2026-02-05 15:32:09,121 - werkzeug - INFO - 127.0.0.1 - - [05/Feb/2026 15:32:09] "GET /?selected=&kw=1 HTTP/1.1" 200 -
2026-02-05 15:34:09,595 - werkzeug - INFO - 127.0.0.1 - - [05/Feb/2026 15:34:09] "GET /bom_import HTTP/1.1" 200 -
2026-02-05 15:34:12,819 - werkzeug - INFO - 127.0.0.1 - - [05/Feb/2026 15:34:12] "POST /parse_bom_data HTTP/1.1" 200 -
2026-02-05 15:35:34,586 - __main__ - WARNING - 第1行数量转换失败: 5个, 错误: invalid literal for int() with base 10: '5个'
2026-02-05 15:35:34,586 - __main__ - DEBUG - 第1行映射结果: {'category': 'GS8632-MR', 'type': '运算放大器', 'model': '6MHz 轨到轨I/O输出，CMOS', 'package': 'MSOP-8', 'supplier': '未知供应商', 'quantity': 0, 'unit': '0.9395', 'location': '未知位置', 'price': 0.0, 'buy_time': '2026-02-05', 'channel': '未知', 'remark': '无'}
2026-02-05 15:35:34,586 - __main__ - WARNING - 第2行数量转换失败: 5个, 错误: invalid literal for int() with base 10: '5个'
2026-02-05 15:35:34,587 - __main__ - DEBUG - 第2行映射结果: {'category': 'XC6206P332MR-G', 'type': '线性稳压器(LDO)', 'model': '3.3V 电流200mA 耐压6V', 'package': 'SOT-23-3L', 'supplier': '未知供应商', 'quantity': 0, 'unit': '0.6591', 'location': '未知位置', 'price': 0.0, 'buy_time': '2026-02-05', 'channel': '未知', 'remark': '无'}
2026-02-05 15:35:34,587 - __main__ - WARNING - 第3行数量转换失败: 40个, 错误: invalid literal for int() with base 10: '40个'
2026-02-05 15:35:34,587 - __main__ - DEBUG - 第3行映射结果: {'category': 'GZ1608D102TF', 'type': '磁珠', 'model': '单路 阻抗1kΩ@100MHz', 'package': '0603', 'supplier': '未知供应商', 'quantity': 0, 'unit': '0.034', 'location': '未知位置', 'price': 0.0, 'buy_time': '2026-02-05', 'channel': '未知', 'remark': '无'}
2026-02-05 15:35:34,587 - __main__ - WARNING - 第4行数量转换失败: 5个, 错误: invalid literal for int() with base 10: '5个'
2026-02-05 15:35:34,587 - __main__ - DEBUG - 第4行映射结果: {'category': 'LMV358IDR', 'type': '运算放大器', 'model': 'CMOS，轨到轨通用放大器', 'package': 'SOP-8', 'supplier': '未知供应商', 'quantity': 0, 'unit': '0.7629', 'location': '未知位置', 'price': 0.0, 'buy_time': '2026-02-05', 'channel': '未知', 'remark': '无'}
2026-02-05 15:35:34,587 - __main__ - WARNING - 第5行数量转换失败: 50个, 错误: invalid literal for int() with base 10: '50个'
2026-02-05 15:35:34,588 - __main__ - DEBUG - 第5行映射结果: {'category': 'XC6206P332MR', 'type': '线性稳压器(LDO)', 'model': '3.3V 耐压6V', 'package': 'SOT-23', 'supplier': '未知供应商', 'quantity': 0, 'unit': '0.0684', 'location': '未知位置', 'price': 0.0, 'buy_time': '2026-02-05', 'channel': '未知', 'remark': '无'}
2026-02-05 15:35:34,588 - __main__ - INFO - 映射完成，共5条数据
2026-02-05 15:35:34,594 - __main__ - INFO - BOM重复检测完成：共5条，重复5条，新增0条
2026-02-05 15:35:34,595 - werkzeug - INFO - 127.0.0.1 - - [05/Feb/2026 15:35:34] "POST /check_bom_dup HTTP/1.1" 200 -
2026-02-05 15:37:03,831 - __main__ - WARNING - 第1行数量转换失败: 5个, 错误: invalid literal for int() with base 10: '5个'
2026-02-05 15:37:03,831 - __main__ - DEBUG - 第1行映射结果: {'category': 'GS8632-MR', 'type': '运算放大器', 'model': '6MHz 轨到轨I/O输出，CMOS', 'package': 'MSOP-8', 'supplier': '未知供应商', 'quantity': 0, 'unit': '个', 'location': '未知位置', 'price': 0.9395, 'buy_time': '2026-02-05', 'channel': '未知', 'remark': '无'}
2026-02-05 15:37:03,832 - __main__ - WARNING - 第2行数量转换失败: 5个, 错误: invalid literal for int() with base 10: '5个'
2026-02-05 15:37:03,832 - __main__ - DEBUG - 第2行映射结果: {'category': 'XC6206P332MR-G', 'type': '线性稳压器(LDO)', 'model': '3.3V 电流200mA 耐压6V', 'package': 'SOT-23-3L', 'supplier': '未知供应商', 'quantity': 0, 'unit': '个', 'location': '未知位置', 'price': 0.6591, 'buy_time': '2026-02-05', 'channel': '未知', 'remark': '无'}
2026-02-05 15:37:03,832 - __main__ - WARNING - 第3行数量转换失败: 40个, 错误: invalid literal for int() with base 10: '40个'
2026-02-05 15:37:03,833 - __main__ - DEBUG - 第3行映射结果: {'category': 'GZ1608D102TF', 'type': '磁珠', 'model': '单路 阻抗1kΩ@100MHz', 'package': '0603', 'supplier': '未知供应商', 'quantity': 0, 'unit': '个', 'location': '未知位置', 'price': 0.034, 'buy_time': '2026-02-05', 'channel': '未知', 'remark': '无'}
2026-02-05 15:37:03,833 - __main__ - WARNING - 第4行数量转换失败: 5个, 错误: invalid literal for int() with base 10: '5个'
2026-02-05 15:37:03,834 - __main__ - DEBUG - 第4行映射结果: {'category': 'LMV358IDR', 'type': '运算放大器', 'model': 'CMOS，轨到轨通用放大器', 'package': 'SOP-8', 'supplier': '未知供应商', 'quantity': 0, 'unit': '个', 'location': '未知位置', 'price': 0.7629, 'buy_time': '2026-02-05', 'channel': '未知', 'remark': '无'}
2026-02-05 15:37:03,834 - __main__ - WARNING - 第5行数量转换失败: 50个, 错误: invalid literal for int() with base 10: '50个'
2026-02-05 15:37:03,834 - __main__ - DEBUG - 第5行映射结果: {'category': 'XC6206P332MR', 'type': '线性稳压器(LDO)', 'model': '3.3V 耐压6V', 'package': 'SOT-23', 'supplier': '未知供应商', 'quantity': 0, 'unit': '个', 'location': '未知位置', 'price': 0.0684, 'buy_time': '2026-02-05', 'channel': '未知', 'remark': '无'}
2026-02-05 15:37:03,835 - __main__ - INFO - 映射完成，共5条数据
2026-02-05 15:37:03,841 - __main__ - INFO - BOM重复检测完成：共5条，重复5条，新增0条
2026-02-05 15:37:03,842 - werkzeug - INFO - 127.0.0.1 - - [05/Feb/2026 15:37:03] "POST /check_bom_dup HTTP/1.1" 200 -
2026-02-05 15:37:26,304 - __main__ - WARNING - 第1行数量转换失败: 5个, 错误: invalid literal for int() with base 10: '5个'
2026-02-05 15:37:26,304 - __main__ - DEBUG - 第1行映射结果: {'category': 'GS8632-MR', 'type': '运算放大器', 'model': '6MHz 轨到轨I/O输出，CMOS', 'package': 'MSOP-8', 'supplier': '未知供应商', 'quantity': 0, 'unit': '个', 'location': '未知位置', 'price': 0.9395, 'buy_time': '2026-02-05', 'channel': '未知', 'remark': '无'}
2026-02-05 15:37:26,306 - __main__ - WARNING - 第2行数量转换失败: 5个, 错误: invalid literal for int() with base 10: '5个'
2026-02-05 15:37:26,306 - __main__ - DEBUG - 第2行映射结果: {'category': 'XC6206P332MR-G', 'type': '线性稳压器(LDO)', 'model': '3.3V 电流200mA 耐压6V', 'package': 'SOT-23-3L', 'supplier': '未知供应商', 'quantity': 0, 'unit': '个', 'location': '未知位置', 'price': 0.6591, 'buy_time': '2026-02-05', 'channel': '未知', 'remark': '无'}
2026-02-05 15:37:26,307 - __main__ - WARNING - 第3行数量转换失败: 40个, 错误: invalid literal for int() with base 10: '40个'
2026-02-05 15:37:26,308 - __main__ - DEBUG - 第3行映射结果: {'category': 'GZ1608D102TF', 'type': '磁珠', 'model': '单路 阻抗1kΩ@100MHz', 'package': '0603', 'supplier': '未知供应商', 'quantity': 0, 'unit': '个', 'location': '未知位置', 'price': 0.034, 'buy_time': '2026-02-05', 'channel': '未知', 'remark': '无'}
2026-02-05 15:37:26,308 - __main__ - WARNING - 第4行数量转换失败: 5个, 错误: invalid literal for int() with base 10: '5个'
2026-02-05 15:37:26,309 - __main__ - DEBUG - 第4行映射结果: {'category': 'LMV358IDR', 'type': '运算放大器', 'model': 'CMOS，轨到轨通用放大器', 'package': 'SOP-8', 'supplier': '未知供应商', 'quantity': 0, 'unit': '个', 'location': '未知位置', 'price': 0.7629, 'buy_time': '2026-02-05', 'channel': '未知', 'remark': '无'}
2026-02-05 15:37:26,309 - __main__ - WARNING - 第5行数量转换失败: 50个, 错误: invalid literal for int() with base 10: '50个'
2026-02-05 15:37:26,309 - __main__ - DEBUG - 第5行映射结果: {'category': 'XC6206P332MR', 'type': '线性稳压器(LDO)', 'model': '3.3V 耐压6V', 'package': 'SOT-23', 'supplier': '未知供应商', 'quantity': 0, 'unit': '个', 'location': '未知位置', 'price': 0.0684, 'buy_time': '2026-02-05', 'channel': '未知', 'remark': '无'}
2026-02-05 15:37:26,310 - __main__ - INFO - 映射完成，共5条数据
2026-02-05 15:37:26,388 - __main__ - INFO - 二维码生成成功：static/qrcode/QR_2_6MHz 轨到轨I_O输出，CMOS_20260205153726.png
2026-02-05 15:37:26,430 - __main__ - INFO - 二维码生成成功：static/qrcode/QR_3_3.3V 电流200mA 耐压6V_20260205153726.png
2026-02-05 15:37:26,473 - __main__ - INFO - 二维码生成成功：static/qrcode/QR_4_单路 阻抗1kΩ@100MHz_20260205153726.png
2026-02-05 15:37:26,513 - __main__ - INFO - 二维码生成成功：static/qrcode/QR_5_CMOS，轨到轨通用放大器_20260205153726.png
2026-02-05 15:37:26,554 - __main__ - INFO - 二维码生成成功：static/qrcode/QR_6_3.3V 耐压6V_20260205153726.png
2026-02-05 15:37:26,562 - __main__ - INFO - BOM导入完成：新增0，合并2，覆盖3，跳过0，总计5
2026-02-05 15:37:26,570 - werkzeug - INFO - 127.0.0.1 - - [05/Feb/2026 15:37:26] "POST /do_bom_import HTTP/1.1" 200 -
2026-02-05 15:37:40,324 - werkzeug - INFO - 127.0.0.1 - - [05/Feb/2026 15:37:40] "GET /?selected=&kw=8632 HTTP/1.1" 200 -
2026-02-05 15:38:34,401 - werkzeug - INFO - 127.0.0.1 - - [05/Feb/2026 15:38:34] "GET /static/qrcode/QR_2_6MHz%20轨到轨I_O输出，CMOS_20260205153726.png HTTP/1.1" 200 -
2026-02-05 16:06:19,688 - werkzeug - INFO - 127.0.0.1 - - [05/Feb/2026 16:06:19] "GET /bom_import HTTP/1.1" 200 -
2026-02-05 16:06:32,100 - werkzeug - INFO - 127.0.0.1 - - [05/Feb/2026 16:06:32] "GET /bom_import HTTP/1.1" 200 -
2026-02-05 16:06:44,033 - werkzeug - INFO - 127.0.0.1 - - [05/Feb/2026 16:06:44] "POST /parse_bom_data HTTP/1.1" 200 -
2026-02-05 16:08:25,668 - __main__ - DEBUG - 第1行映射结果: {'category': '2N3904S-RTK/PS', 'type': '三极管(BJT)', 'model': 'NPN 电流200mA 电压40V', 'package': 'SOT-23', 'supplier': 'KEC', 'quantity': 25, 'unit': '个', 'location': '未知位置', 'price': 0.07, 'buy_time': '2026-02-05', 'channel': '嘉立创(号0309)', 'remark': 'C31001001'}
2026-02-05 16:08:25,669 - __main__ - DEBUG - 第2行映射结果: {'category': 'GS8632-MR', 'type': '运算放大器', 'model': '6MHz 轨到轨I/O输出，CMOS', 'package': 'MSOP-8', 'supplier': 'Gainsil(聚洵)', 'quantity': 5, 'unit': '个', 'location': '未知位置', 'price': 0.94, 'buy_time': '2026-02-05', 'channel': '嘉立创(号0309)', 'remark': 'C28002002'}
2026-02-05 16:08:25,669 - __main__ - DEBUG - 第3行映射结果: {'category': 'XC6206P332MR-G', 'type': '线性稳压器(LDO)', 'model': '3.3V 电流200mA 耐压6V', 'package': 'SOT-23-3L', 'supplier': 'TOREX(特瑞仕)', 'quantity': 5, 'unit': '个', 'location': '未知位置', 'price': 0.66, 'buy_time': '2026-02-05', 'channel': '嘉立创(号0309)', 'remark': 'C09003003'}
2026-02-05 16:08:25,669 - __main__ - DEBUG - 第4行映射结果: {'category': 'GZ1608D102TF', 'type': '磁珠', 'model': '单路 阻抗1kΩ@100MHz', 'package': '0603', 'supplier': 'Sunlord(顺络)', 'quantity': 40, 'unit': '个', 'location': '未知位置', 'price': 0.03, 'buy_time': '2026-02-05', 'channel': '嘉立创(号0309)', 'remark': 'C12004004'}
2026-02-05 16:08:25,669 - __main__ - DEBUG - 第5行映射结果: {'category': 'LMV358IDR', 'type': '运算放大器', 'model': 'CMOS，轨到轨通用放大器', 'package': 'SOP-8', 'supplier': 'TECH PUBLIC(台舟)', 'quantity': 5, 'unit': '个', 'location': '未知位置', 'price': 0.76, 'buy_time': '2026-02-05', 'channel': '嘉立创(号0309)', 'remark': 'C28005005'}
2026-02-05 16:08:25,670 - __main__ - DEBUG - 第6行映射结果: {'category': 'XC6206P332MR', 'type': '线性稳压器(LDO)', 'model': '3.3V 耐压6V', 'package': 'SOT-23', 'supplier': 'TECH PUBLIC(台舟)', 'quantity': 50, 'unit': '个', 'location': '未知位置', 'price': 0.07, 'buy_time': '2026-02-05', 'channel': '嘉立创(号0309)', 'remark': 'C09006006'}
2026-02-05 16:08:25,670 - __main__ - DEBUG - 第7行映射结果: {'category': 'SMBJ24CA', 'type': '静电和浪涌保护(TVS/ESD)', 'model': '双向TVS 24V截止 峰值脉冲电流15.4A', 'package': 'DO-214AA(SMB)', 'supplier': 'TECH PUBLIC(台舟)', 'quantity': 10, 'unit': '个', 'location': '未知位置', 'price': 0.19, 'buy_time': '2026-02-05', 'channel': '嘉立创(号0309)', 'remark': 'C11007007'}
2026-02-05 16:08:25,670 - __main__ - DEBUG - 第8行映射结果: {'category': 'PSM712-LF-T7', 'type': '静电和浪涌保护(TVS/ESD)', 'model': 'TVS 12V 7V截止 峰值浪涌电流17A@8/20us', 'package': 'SOT-23', 'supplier': 'TECH PUBLIC(台舟)', 'quantity': 10, 'unit': '个', 'location': '未知位置', 'price': 0.41, 'buy_time': '2026-02-05', 'channel': '嘉立创(号0309)', 'remark': 'C11008008'}
2026-02-05 16:08:25,670 - __main__ - DEBUG - 第9行映射结果: {'category': 'TPRT9013-33GB', 'type': '线性稳压器(LDO)', 'model': '3.3V 电流500mA 耐压7V', 'package': 'SOT-23-5', 'supplier': 'TECH PUBLIC(台舟)', 'quantity': 10, 'unit': '个', 'location': '未知位置', 'price': 0.45, 'buy_time': '2026-02-05', 'channel': '嘉立创(号0309)', 'remark': 'C09009009'}
2026-02-05 16:08:25,670 - __main__ - DEBUG - 第10行映射结果: {'category': 'AZC099-04S', 'type': '静电和浪涌保护(TVS/ESD)', 'model': '5V截止 峰值浪涌电流4.7A@8/20us', 'package': 'SOT-23-6', 'supplier': 'TECH PUBLIC(台舟)', 'quantity': 10, 'unit': '个', 'location': '未知位置', 'price': 0.35, 'buy_time': '2026-02-05', 'channel': '嘉立创(号0309)', 'remark': 'C11010010'}
2026-02-05 16:08:25,671 - __main__ - DEBUG - 第11行映射结果: {'category': 'ZX-XH2.54-3PWT', 'type': '线对板针座', 'model': '1x3P 间距2.5mm 卧贴 XH系列', 'package': 'SMD,P=2.5mm', 'supplier': 'Megastar(兆星)', 'quantity': 5, 'unit': '个', 'location': '未知位置', 'price': 0.35, 'buy_time': '2026-02-05', 'channel': '嘉立创(号0309)', 'remark': 'C15011011'}
2026-02-05 16:08:25,671 - __main__ - DEBUG - 第12行映射结果: {'category': 'ZX-DGRC-5.08-3P', 'type': '插拔式接线端子', 'model': '1x3P 间距5.08mm 排数1 每排3P', 'package': '弯插,P=5.08mm', 'supplier': 'Megastar(兆星)', 'quantity': 5, 'unit': '个', 'location': '未知位置', 'price': 0.34, 'buy_time': '2026-02-05', 'channel': '嘉立创(号0309)', 'remark': 'C15012012'}
2026-02-05 16:08:25,671 - __main__ - DEBUG - 第13行映射结果: {'category': 'ZX-PM2.54-1-16PY', 'type': '排母', 'model': '1x16P 间距2.54mm 直插', 'package': '插件,P=2.54mm', 'supplier': 'Megastar(兆星)', 'quantity': 5, 'unit': '个', 'location': '未知位置', 'price': 1.21, 'buy_time': '2026-02-05', 'channel': '嘉立创(号0309)', 'remark': 'C15013013'}
2026-02-05 16:08:25,671 - __main__ - DEBUG - 第14行映射结果: {'category': 'ZX-0.5FPC-2H-QFX8P', 'type': 'FFC/FPC连接器', 'model': '翻盖式下接 8P 间距0.5mm', 'package': 'SMD,P=0.5mm', 'supplier': 'Megastar(兆星)', 'quantity': 10, 'unit': '个', 'location': '未知位置', 'price': 0.48, 'buy_time': '2026-02-05', 'channel': '嘉立创(号0309)', 'remark': 'C15014014'}
2026-02-05 16:08:25,671 - __main__ - DEBUG - 第15行映射结果: {'category': 'ZX-MX1.25-2PLT', 'type': '线对板针座', 'model': '1x2P 间距1.25mm 立贴 MX1.25系列', 'package': 'SMD,P=1.25mm', 'supplier': 'Megastar(兆星)', 'quantity': 10, 'unit': '个', 'location': '未知位置', 'price': 0.2, 'buy_time': '2026-02-05', 'channel': '嘉立创(号0309)', 'remark': 'C15015015'}
2026-02-05 16:08:25,672 - __main__ - DEBUG - 第16行映射结果: {'category': 'SS8050', 'type': '三极管(BJT)', 'model': 'NPN 电流1.5A 电压25V', 'package': 'SOT-23', 'supplier': 'UMW(友台半导体)', 'quantity': 50, 'unit': '个', 'location': '未知位置', 'price': 0.08, 'buy_time': '2026-02-05', 'channel': '嘉立创(号0309)', 'remark': 'C31016016'}
2026-02-05 16:08:25,672 - __main__ - DEBUG - 第17行映射结果: {'category': 'AD8542ARUZ(UMW)', 'type': '运算放大器', 'model': '1.1MHz、85μA、CMOS、轨到轨输入输出', 'package': 'TSSOP-8', 'supplier': 'UMW(友台半导体)', 'quantity': 5, 'unit': '个', 'location': '未知位置', 'price': 0.63, 'buy_time': '2026-02-05', 'channel': '嘉立创(号0309)', 'remark': 'C28017017'}
2026-02-05 16:08:25,672 - __main__ - DEBUG - 第18行映射结果: {'category': 'AMS1117-3.3', 'type': '线性稳压器(LDO)', 'model': '3.3V 电流1A 耐压12V', 'package': 'SOT-223', 'supplier': 'UMW(友台半导体)', 'quantity': 20, 'unit': '个', 'location': '未知位置', 'price': 0.23, 'buy_time': '2026-02-05', 'channel': '嘉立创(号0309)', 'remark': 'C09018018'}
2026-02-05 16:08:25,672 - __main__ - DEBUG - 第19行映射结果: {'category': 'SN74LVC1G3157DCKR', 'type': '模拟开关/多路复用器', 'model': 'UMW SN74LVC1G3157 二选一模拟开关电路', 'package': 'SC-70-6', 'supplier': 'UMW(友台半导体)', 'quantity': 20, 'unit': '个', 'location': '未知位置', 'price': 0.23, 'buy_time': '2026-02-05', 'channel': '嘉立创(号0309)', 'remark': 'C27019019'}
2026-02-05 16:08:25,673 - __main__ - DEBUG - 第20行映射结果: {'category': 'BX-FFC0.5-T-10048-4P', 'type': 'FFC连接线(柔性扁平线缆)', 'model': 'FFC排线0.5mm 4P总长100mm 同向 金手指4p', 'package': 'P=0.5mm', 'supplier': 'Bossie(博锡)', 'quantity': 5, 'unit': '个', 'location': '未知位置', 'price': 0.42, 'buy_time': '2026-02-05', 'channel': '嘉立创(号0309)', 'remark': 'C15020020'}
2026-02-05 16:08:25,673 - __main__ - DEBUG - 第21行映射结果: {'category': 'BX-PM2.54-1-6PY', 'type': '排母', 'model': '1x6P 间距2.54mm 直插', 'package': '插件,P=2.54mm', 'supplier': 'Bossie(博锡)', 'quantity': 5, 'unit': '个', 'location': '未知位置', 'price': 0.7, 'buy_time': '2026-02-05', 'channel': '嘉立创(号0309)', 'remark': 'C15021021'}
2026-02-05 16:08:25,673 - __main__ - DEBUG - 第22行映射结果: {'category': 'BX-XH2.54-4PZZ', 'type': '线对板针座', 'model': '1x4P 间距2.5mm 直插 XH系列', 'package': '插件,P=2.5mm', 'supplier': 'Bossie(博锡)', 'quantity': 20, 'unit': '个', 'location': '未知位置', 'price': 0.11, 'buy_time': '2026-02-05', 'channel': '嘉立创(号0309)', 'remark': 'C15022022'}
2026-02-05 16:08:25,673 - __main__ - DEBUG - 第23行映射结果: {'category': 'BX-PH2.0-2PZZ', 'type': '线对板针座', 'model': '1x2P 间距2mm 直插 PH系列', 'package': '插件,P=2mm', 'supplier': 'Bossie(博锡)', 'quantity': 50, 'unit': '个', 'location': '未知位置', 'price': 0.05, 'buy_time': '2026-02-05', 'channel': '嘉立创(号0309)', 'remark': 'C15023023'}
2026-02-05 16:08:25,673 - __main__ - DEBUG - 第24行映射结果: {'category': 'BX-XH2.54-2PZZ', 'type': '线对板针座', 'model': '1x2P 间距2.5mm 直插 XH系列', 'package': '插件,P=2.5mm', 'supplier': 'Bossie(博锡)', 'quantity': 50, 'unit': '个', 'location': '未知位置', 'price': 0.06, 'buy_time': '2026-02-05', 'channel': '嘉立创(号0309)', 'remark': 'C15024024'}
2026-02-05 16:08:25,674 - __main__ - DEBUG - 第25行映射结果: {'category': 'BX-PH2.0-6PZZ', 'type': '线对板针座', 'model': '1x6P 间距2mm 直插 PH系列', 'package': '插件,P=2mm', 'supplier': 'Bossie(博锡)', 'quantity': 20, 'unit': '个', 'location': '未知位置', 'price': 0.13, 'buy_time': '2026-02-05', 'channel': '嘉立创(号0309)', 'remark': 'C15025025'}
2026-02-05 16:08:25,674 - __main__ - DEBUG - 第26行映射结果: {'category': 'SOD4007', 'type': '通用二极管', 'model': '1kV 电流1A', 'package': 'SOD-123FL', 'supplier': 'MDD(辰达半导体)', 'quantity': 50, 'unit': '个', 'location': '未知位置', 'price': 0.05, 'buy_time': '2026-02-05', 'channel': '嘉立创(号0309)', 'remark': 'C30026026'}
2026-02-05 16:08:25,674 - __main__ - DEBUG - 第27行映射结果: {'category': 'MMBT3904-E', 'type': '三极管(BJT)', 'model': 'hFE:100-300 NPN 电流200mA 电压40V', 'package': 'SOT-23', 'supplier': 'MDD(辰达半导体)', 'quantity': 20, 'unit': '个', 'location': '未知位置', 'price': 0.04, 'buy_time': '2026-02-05', 'channel': '嘉立创(号0309)', 'remark': 'C31027027'}
2026-02-05 16:08:25,674 - __main__ - DEBUG - 第28行映射结果: {'category': 'SS8550', 'type': '三极管(BJT)', 'model': 'H档200-350 PNP 电流1.5A 电压25V', 'package': 'SOT-23', 'supplier': 'MDD(辰达半导体)', 'quantity': 50, 'unit': '个', 'location': '未知位置', 'price': 0.08, 'buy_time': '2026-02-05', 'channel': '嘉立创(号0309)', 'remark': 'C31028028'}
2026-02-05 16:08:25,674 - __main__ - DEBUG - 第29行映射结果: {'category': 'S8050', 'type': '三极管(BJT)', 'model': 'hFE:200-350 NPN 电流500mA 电压25V', 'package': 'SOT-23', 'supplier': 'MDD(辰达半导体)', 'quantity': 50, 'unit': '个', 'location': '未知位置', 'price': 0.06, 'buy_time': '2026-02-05', 'channel': '嘉立创(号0309)', 'remark': 'C31029029'}
2026-02-05 16:08:25,675 - __main__ - DEBUG - 第30行映射结果: {'category': '1N4148WS-E', 'type': '开关二极管', 'model': '开关二极管', 'package': 'SOD-323', 'supplier': 'MDD(辰达半导体)', 'quantity': 50, 'unit': '个', 'location': '未知位置', 'price': 0.04, 'buy_time': '2026-02-05', 'channel': '嘉立创(号0309)', 'remark': 'C30030030'}
2026-02-05 16:08:25,675 - __main__ - DEBUG - 第31行映射结果: {'category': '1N5819', 'type': '肖特基二极管', 'model': '电压40V 电流1A', 'package': 'DO-41', 'supplier': 'MDD(辰达半导体)', 'quantity': 20, 'unit': '个', 'location': '未知位置', 'price': 0.2, 'buy_time': '2026-02-05', 'channel': '嘉立创(号0309)', 'remark': 'C30031031'}
2026-02-05 16:08:25,675 - __main__ - DEBUG - 第32行映射结果: {'category': 'XZLEL89CSI-KPIYLC-8M', 'type': '无源晶振', 'model': 'YSX321SL 8MHZ 4P 3225 20PF ±10PPM -40~85℃', 'package': 'SMD3225-4P', 'supplier': 'YXC(扬兴晶振)', 'quantity': 5, 'unit': '个', 'location': '未知位置', 'price': 0.7, 'buy_time': '2026-02-05', 'channel': '嘉立创(号0309)', 'remark': 'C13032032'}
2026-02-05 16:08:25,675 - __main__ - DEBUG - 第33行映射结果: {'category': 'X322512MSB4SI', 'type': '无源晶振', 'model': 'YSX321SL 12MHZ 4P 3225 20PF ±10PPM -40~85℃', 'package': 'SMD3225-4P', 'supplier': 'YXC(扬兴晶振)', 'quantity': 10, 'unit': '个', 'location': '未知位置', 'price': 0.43, 'buy_time': '2026-02-05', 'channel': '嘉立创(号0309)', 'remark': 'C13033033'}
2026-02-05 16:08:25,676 - __main__ - DEBUG - 第34行映射结果: {'category': 'X322532MOB4SI', 'type': '无源晶振', 'model': 'YSX321SL 32MHZ 4P 3225 12PF ±10PPM -40~85℃', 'package': 'SMD3225-4P', 'supplier': 'YXC(扬兴晶振)', 'quantity': 20, 'unit': '个', 'location': '未知位置', 'price': 0.44, 'buy_time': '2026-02-05', 'channel': '嘉立创(号0309)', 'remark': 'C13034034'}
2026-02-05 16:08:25,676 - __main__ - DEBUG - 第35行映射结果: {'category': 'TP4057', 'type': '电池管理', 'model': '500mA线性锂离子电池充电器', 'package': 'SOT-23-6', 'supplier': 'UMW(友台半导体)', 'quantity': 40, 'unit': '个', 'location': '未知位置', 'price': 0.21, 'buy_time': '2026-02-05', 'channel': '嘉立创(号0309)', 'remark': 'C02035035'}
2026-02-05 16:08:25,676 - __main__ - DEBUG - 第36行映射结果: {'category': 'AO3400A', 'type': '场效应管(MOSFET)', 'model': '1个N沟道 耐压30V 电流5.8A', 'package': 'SOT-23', 'supplier': 'UMW(友台半导体)', 'quantity': 20, 'unit': '个', 'location': '未知位置', 'price': 0.19, 'buy_time': '2026-02-05', 'channel': '嘉立创(号0309)', 'remark': 'C32036036'}
2026-02-05 16:08:25,676 - __main__ - DEBUG - 第37行映射结果: {'category': 'AO3401A', 'type': '场效应管(MOSFET)', 'model': '1个P沟道 耐压30V 电流4.2A', 'package': 'SOT-23', 'supplier': 'UMW(友台半导体)', 'quantity': 20, 'unit': '个', 'location': '未知位置', 'price': 0.19, 'buy_time': '2026-02-05', 'channel': '嘉立创(号0309)', 'remark': 'C32037037'}
2026-02-05 16:08:25,676 - __main__ - DEBUG - 第38行映射结果: {'category': 'YR-SX-20', 'type': '助焊剂/助焊膏', 'model': '亚润松香助焊剂 纯度高电焊松香', 'package': '-', 'supplier': 'YARUN(亚润)', 'quantity': 1, 'unit': '个', 'location': '未知位置', 'price': 1.75, 'buy_time': '2026-02-05', 'channel': '嘉立创(号0309)', 'remark': 'C40038038'}
2026-02-05 16:08:25,677 - __main__ - DEBUG - 第39行映射结果: {'category': 'Sn63Pb37 0.6mm 40g', 'type': '锡丝/锡线', 'model': '永佳润 高纯度体验版 焊锡丝0.6mm/40G', 'package': '-', 'supplier': 'YJR(永佳润)', 'quantity': 1, 'unit': '卷', 'location': '未知位置', 'price': 14.0, 'buy_time': '2026-02-05', 'channel': '嘉立创(号0309)', 'remark': 'C40039039'}
2026-02-05 16:08:25,677 - __main__ - DEBUG - 第40行映射结果: {'category': 'Sn63Pb37 1.2mm 40g', 'type': '锡丝/锡线', 'model': '永佳润 高纯度体验版 焊锡丝1.2mm/40G', 'package': '-', 'supplier': 'YJR(永佳润)', 'quantity': 1, 'unit': '卷', 'location': '未知位置', 'price': 10.94, 'buy_time': '2026-02-05', 'channel': '嘉立创(号0309)', 'remark': 'C40040040'}
2026-02-05 16:08:25,677 - __main__ - DEBUG - 第41行映射结果: {'category': 'F0501-T-10-20T-R', 'type': 'FFC/FPC连接器', 'model': '抽屉式 上接 P数10P 间距0.5mm', 'package': 'SMD,P=0.5mm', 'supplier': 'XFCN(兴飞)', 'quantity': 10, 'unit': '个', 'location': '未知位置', 'price': 0.0, 'buy_time': '2026-02-05', 'channel': '嘉立创(号0309)', 'remark': 'C481225'}
2026-02-05 16:08:25,678 - __main__ - DEBUG - 第42行映射结果: {'category': 'PM254V-11-16-H85', 'type': '排母', 'model': '1x16P 间距2.54mm 直插 托盘', 'package': '插件,P=2.54mm', 'supplier': 'XFCN(兴飞)', 'quantity': 5, 'unit': '个', 'location': '未知位置', 'price': 0.0, 'buy_time': '2026-02-05', 'channel': '嘉立创(号0309)', 'remark': 'C46595980'}
2026-02-05 16:08:25,678 - __main__ - DEBUG - 第43行映射结果: {'category': 'XF7126', 'type': '电子线', 'model': 'UL1007/22 红色 L=100 双端上锡 3.0MM 袋装', 'package': '-', 'supplier': 'XFCN(兴飞)', 'quantity': 20, 'unit': '个', 'location': '未知位置', 'price': 0.0, 'buy_time': '2026-02-05', 'channel': '嘉立创(号0309)', 'remark': 'C42393300'}
2026-02-05 16:08:25,678 - __main__ - DEBUG - 第44行映射结果: {'category': 'XF7129', 'type': '电子线', 'model': 'UL1007/22 黑色 L=100 双端上锡 3.0MM 袋装', 'package': '-', 'supplier': 'XFCN(兴飞)', 'quantity': 20, 'unit': '个', 'location': '未知位置', 'price': 0.0, 'buy_time': '2026-02-05', 'channel': '嘉立创(号0309)', 'remark': 'C42393303'}
2026-02-05 16:08:25,678 - __main__ - DEBUG - 第45行映射结果: {'category': 'XF7127', 'type': '电子线', 'model': 'UL1007/22 白色 L=100 双端上锡 3.0MM 袋装', 'package': '-', 'supplier': 'XFCN(兴飞)', 'quantity': 20, 'unit': '个', 'location': '未知位置', 'price': 0.0, 'buy_time': '2026-02-05', 'channel': '嘉立创(号0309)', 'remark': 'C42393301'}
2026-02-05 16:08:25,679 - __main__ - DEBUG - 第46行映射结果: {'category': 'XF7128', 'type': '电子线', 'model': 'UL1007/22 黄色 L=100 双端上锡 3.0MM 袋装', 'package': '-', 'supplier': 'XFCN(兴飞)', 'quantity': 20, 'unit': '个', 'location': '未知位置', 'price': 0.0, 'buy_time': '2026-02-05', 'channel': '嘉立创(号0309)', 'remark': 'C42393302'}
2026-02-05 16:08:25,679 - __main__ - DEBUG - 第47行映射结果: {'category': 'XF7130', 'type': '电子线', 'model': 'UL1007/22 蓝色 L=100 双端上锡 3.0MM 袋装', 'package': '-', 'supplier': 'XFCN(兴飞)', 'quantity': 20, 'unit': '个', 'location': '未知位置', 'price': 0.0, 'buy_time': '2026-02-05', 'channel': '嘉立创(号0309)', 'remark': 'C42393304'}
2026-02-05 16:08:25,679 - __main__ - DEBUG - 第48行映射结果: {'category': '4.7R', 'type': '贴片电阻', 'model': '4.7Ω 精度1%', 'package': '0603', 'supplier': '未知供应商', 'quantity': 100, 'unit': '只', 'location': '未知位置', 'price': 0.0, 'buy_time': '2026-02-05', 'channel': '未知', 'remark': '无'}
2026-02-05 16:08:25,680 - __main__ - DEBUG - 第49行映射结果: {'category': 'FRC0603F5101TS', 'type': '贴片电阻', 'model': '5.1kΩ ±1% 100mW 厚膜电阻', 'package': '0603', 'supplier': 'FOJAN(富捷)', 'quantity': 100, 'unit': '个', 'location': '未知位置', 'price': 0.0, 'buy_time': '2026-02-05', 'channel': '未知', 'remark': '无'}
2026-02-05 16:08:25,681 - __main__ - DEBUG - 第50行映射结果: {'category': 'FRC0603F2200TS', 'type': '贴片电阻', 'model': '220Ω ±1% 100mW 厚膜电阻', 'package': '0603', 'supplier': 'FOJAN(富捷)', 'quantity': 100, 'unit': '个', 'location': '未知位置', 'price': 0.0, 'buy_time': '2026-02-05', 'channel': '未知', 'remark': '无'}
2026-02-05 16:08:25,681 - __main__ - DEBUG - 第51行映射结果: {'category': 'FRC0603J101TS', 'type': '贴片电阻', 'model': '100Ω ±5% 100mW 厚膜电阻', 'package': '0603', 'supplier': 'FOJAN(富捷)', 'quantity': 100, 'unit': '个', 'location': '未知位置', 'price': 0.0, 'buy_time': '2026-02-05', 'channel': '未知', 'remark': '无'}
2026-02-05 16:08:25,681 - __main__ - DEBUG - 第52行映射结果: {'category': 'GR2512J360RT4G00', 'type': '贴片电阻', 'model': '360Ω ±5%', 'package': '2512', 'supplier': 'GiantOhm(鼎声微电)', 'quantity': 50, 'unit': '个', 'location': '未知位置', 'price': 0.0, 'buy_time': '2026-02-05', 'channel': '未知', 'remark': '无'}
2026-02-05 16:08:25,682 - __main__ - DEBUG - 第53行映射结果: {'category': 'FRC0603F6203TS', 'type': '贴片电阻', 'model': '620kΩ ±1% 100mW 厚膜电阻', 'package': '0603', 'supplier': 'FOJAN(富捷)', 'quantity': 100, 'unit': '个', 'location': '未知位置', 'price': 0.0, 'buy_time': '2026-02-05', 'channel': '未知', 'remark': '无'}
2026-02-05 16:08:25,682 - __main__ - DEBUG - 第54行映射结果: {'category': 'FRC0603F2403TS', 'type': '贴片电阻', 'model': '240kΩ ±1% 100mW 厚膜电阻', 'package': '0603', 'supplier': 'FOJAN(富捷)', 'quantity': 100, 'unit': '个', 'location': '未知位置', 'price': 0.0, 'buy_time': '2026-02-05', 'channel': '未知', 'remark': '无'}
2026-02-05 16:08:25,682 - __main__ - DEBUG - 第55行映射结果: {'category': 'RCA032KFLF', 'type': '贴片电阻', 'model': '2kΩ ±1% 100mW', 'package': '0603', 'supplier': 'HKR(香港电阻)', 'quantity': 100, 'unit': '个', 'location': '未知位置', 'price': 0.0, 'buy_time': '2026-02-05', 'channel': '未知', 'remark': '无'}
2026-02-05 16:08:25,683 - __main__ - DEBUG - 第56行映射结果: {'category': 'FRC0603F27R0TS', 'type': '贴片电阻', 'model': '27Ω ±1% 100mW 厚膜电阻', 'package': '0603', 'supplier': 'FOJAN(富捷)', 'quantity': 100, 'unit': '个', 'location': '未知位置', 'price': 0.0, 'buy_time': '2026-02-05', 'channel': '未知', 'remark': '无'}
2026-02-05 16:08:25,683 - __main__ - DEBUG - 第57行映射结果: {'category': 'GR1206J40390G', 'type': '贴片电阻', 'model': '39Ω ±5% 1/4W ±200ppm/℃', 'package': '1206', 'supplier': 'LIZ', 'quantity': 100, 'unit': '个', 'location': '未知位置', 'price': 0.0, 'buy_time': '2026-02-05', 'channel': '未知', 'remark': '无'}
2026-02-05 16:08:25,683 - __main__ - DEBUG - 第58行映射结果: {'category': 'SR0603FR-7T1RL', 'type': '贴片电阻', 'model': '1Ω ±1% 1/4W ±200ppm/℃', 'package': '0603', 'supplier': 'Yageo(国巨)', 'quantity': 20, 'unit': '个', 'location': '未知位置', 'price': 0.0, 'buy_time': '2026-02-05', 'channel': '未知', 'remark': '无'}
2026-02-05 16:08:25,684 - __main__ - DEBUG - 第59行映射结果: {'category': 'CR0603JA0152G', 'type': '贴片电阻', 'model': '1.5kΩ ±5% 1/10W ±200ppm/℃', 'package': '0603', 'supplier': 'LIZ', 'quantity': 50, 'unit': '个', 'location': '未知位置', 'price': 0.0, 'buy_time': '2026-02-05', 'channel': '未知', 'remark': '无'}
2026-02-05 16:08:25,684 - __main__ - DEBUG - 第60行映射结果: {'category': 'CR0603JA0100G', 'type': '贴片电阻', 'model': '10Ω ±5% 1/10W ±200ppm/℃', 'package': '0603', 'supplier': 'LIZ', 'quantity': 100, 'unit': '个', 'location': '未知位置', 'price': 0.0, 'buy_time': '2026-02-05', 'channel': '未知', 'remark': '无'}
2026-02-05 16:08:25,684 - __main__ - DEBUG - 第61行映射结果: {'category': 'SCR0603J1K', 'type': '贴片电阻', 'model': '1kΩ ±5% 100mW ±200ppm/℃', 'package': '0603', 'supplier': 'Vico', 'quantity': 50, 'unit': '个', 'location': '未知位置', 'price': 0.0, 'buy_time': '2026-02-05', 'channel': '未知', 'remark': '无'}
2026-02-05 16:08:25,684 - __main__ - DEBUG - 第62行映射结果: {'category': 'SCR0603FR500', 'type': '贴片电阻', 'model': '500mΩ ±1% 100mW', 'package': '0603', 'supplier': 'VO(翔胜)', 'quantity': 100, 'unit': '个', 'location': '未知位置', 'price': 0.0, 'buy_time': '2026-02-05', 'channel': '未知', 'remark': '无'}
2026-02-05 16:08:25,685 - __main__ - DEBUG - 第63行映射结果: {'category': 'FRC0603J103TS', 'type': '贴片电阻', 'model': '10kΩ ±5% 100mW 厚膜电阻', 'package': '0603', 'supplier': 'FOJAN(富捷)', 'quantity': 100, 'unit': '个', 'location': '未知位置', 'price': 0.0, 'buy_time': '2026-02-05', 'channel': '未知', 'remark': '无'}
2026-02-05 16:08:25,685 - __main__ - DEBUG - 第64行映射结果: {'category': 'CR0603FA1802G', 'type': '贴片电阻', 'model': '18kΩ ±1% 1/10W ±100ppm/℃', 'package': '0603', 'supplier': 'LIZ', 'quantity': 100, 'unit': '个', 'location': '未知位置', 'price': 0.0, 'buy_time': '2026-02-05', 'channel': '未知', 'remark': '无'}
2026-02-05 16:08:25,685 - __main__ - DEBUG - 第65行映射结果: {'category': '4.7K', 'type': '贴片电阻', 'model': '4.7kΩ 精度1%', 'package': '0603', 'supplier': '昌鸿微电子', 'quantity': 100, 'unit': '只', 'location': '未知位置', 'price': 0.0, 'buy_time': '2026-02-05', 'channel': '未知', 'remark': '无'}
2026-02-05 16:08:25,686 - __main__ - DEBUG - 第66行映射结果: {'category': 'S9014-GM', 'type': '三极管(BJT)', 'model': '未知型号', 'package': 'SOT-23', 'supplier': 'GMIC(绿微)', 'quantity': 100, 'unit': '个', 'location': '未知位置', 'price': 0.0, 'buy_time': '2026-02-05', 'channel': '未知', 'remark': '无'}
2026-02-05 16:08:25,686 - __main__ - DEBUG - 第67行映射结果: {'category': '1N5819WT', 'type': '肖特基二极管', 'model': '40V 350mA', 'package': 'SOD-523', 'supplier': 'SIkor(萨科微)', 'quantity': 50, 'unit': '个', 'location': '未知位置', 'price': 0.0, 'buy_time': '2026-02-05', 'channel': '未知', 'remark': '无'}
2026-02-05 16:08:25,686 - __main__ - DEBUG - 第68行映射结果: {'category': 'SS8050-GM', 'type': '三极管(BJT)', 'model': '未知型号', 'package': 'SOT-23', 'supplier': 'GMIC(绿微)', 'quantity': 50, 'unit': '个', 'location': '未知位置', 'price': 0.0, 'buy_time': '2026-02-05', 'channel': '未知', 'remark': '无'}
2026-02-05 16:08:25,687 - __main__ - DEBUG - 第69行映射结果: {'category': 'SCR0603F47R', 'type': '贴片电阻', 'model': '47Ω ±1% 100mW 厚膜电阻', 'package': '0603', 'supplier': 'VO(翔胜)', 'quantity': 100, 'unit': '个', 'location': '未知位置', 'price': 0.0, 'buy_time': '2026-02-05', 'channel': '未知', 'remark': '无'}
2026-02-05 16:08:25,687 - __main__ - DEBUG - 第70行映射结果: {'category': 'BAV99,215', 'type': '开关二极管', 'model': '100V 215mA', 'package': 'SOT-23', 'supplier': 'Nexperia(安世)', 'quantity': 20, 'unit': '个', 'location': '未知位置', 'price': 0.0, 'buy_time': '2026-02-05', 'channel': '未知', 'remark': '无'}
2026-02-05 16:08:25,687 - __main__ - DEBUG - 第71行映射结果: {'category': 'AO3400', 'type': '场效应管(MOSFET)', 'model': 'N沟道 耐压30V 电流5.8A', 'package': 'SOT-23', 'supplier': 'GOODWORK', 'quantity': 20, 'unit': '个', 'location': '未知位置', 'price': 0.0, 'buy_time': '2026-02-05', 'channel': '未知', 'remark': '无'}
2026-02-05 16:08:25,687 - __main__ - DEBUG - 第72行映射结果: {'category': 'AO3401', 'type': '场效应管(MOSFET)', 'model': 'P沟道 30V 4.2A', 'package': 'SOT-23', 'supplier': 'Hottech', 'quantity': 20, 'unit': '个', 'location': '未知位置', 'price': 0.0, 'buy_time': '2026-02-05', 'channel': '未知', 'remark': '无'}
2026-02-05 16:08:25,688 - __main__ - DEBUG - 第73行映射结果: {'category': 'RT9013-33GB-MS', 'type': '线性稳压器(LDO)', 'model': '3.3V 500mA 5.5V', 'package': 'SOT-23-5', 'supplier': 'MSKSEMI(美森科)', 'quantity': 10, 'unit': '个', 'location': '未知位置', 'price': 0.0, 'buy_time': '2026-02-05', 'channel': '未知', 'remark': '无'}
2026-02-05 16:08:25,688 - __main__ - DEBUG - 第74行映射结果: {'category': 'CAI0603C0G120J500JT', 'type': '贴片电容(MLCC)', 'model': '12pF ±5% 50V', 'package': '0603', 'supplier': 'HRE(芯声)', 'quantity': 100, 'unit': '个', 'location': '未知位置', 'price': 0.0, 'buy_time': '2026-02-05', 'channel': '未知', 'remark': '无'}
2026-02-05 16:08:25,688 - __main__ - DEBUG - 第75行映射结果: {'category': 'CC0603KRX7R9BB103', 'type': '贴片电容(MLCC)', 'model': '10nF ±10% 50V X7R', 'package': '0603', 'supplier': 'Yageo(国巨)', 'quantity': 100, 'unit': '个', 'location': '未知位置', 'price': 0.0, 'buy_time': '2026-02-05', 'channel': '未知', 'remark': '无'}
2026-02-05 16:08:25,688 - __main__ - DEBUG - 第76行映射结果: {'category': 'TCC0603X5R106K160CT', 'type': '贴片电容(MLCC)', 'model': '10uF ±10% 16V X5R', 'package': '0603', 'supplier': 'CCTO', 'quantity': 50, 'unit': '个', 'location': '未知位置', 'price': 0.0, 'buy_time': '2026-02-05', 'channel': '未知', 'remark': '无'}
2026-02-05 16:08:25,688 - __main__ - DEBUG - 第77行映射结果: {'category': 'CC0603ZRY5V8BB104', 'type': '贴片电容(MLCC)', 'model': '100nF -20~+80% 25V Y5V', 'package': '0603', 'supplier': 'Yageo(国巨)', 'quantity': 50, 'unit': '个', 'location': '未知位置', 'price': 0.0, 'buy_time': '2026-02-05', 'channel': '未知', 'remark': '无'}
2026-02-05 16:08:25,689 - __main__ - INFO - 映射完成，共77条数据
2026-02-05 16:08:25,766 - __main__ - INFO - BOM重复检测完成：共77条，重复76条，新增1条
2026-02-05 16:08:25,768 - werkzeug - INFO - 127.0.0.1 - - [05/Feb/2026 16:08:25] "POST /check_bom_dup HTTP/1.1" 200 -
2026-02-05 16:08:42,771 - __main__ - DEBUG - 第1行映射结果: {'category': '2N3904S-RTK/PS', 'type': '三极管(BJT)', 'model': 'NPN 电流200mA 电压40V', 'package': 'SOT-23', 'supplier': 'KEC', 'quantity': 25, 'unit': '个', 'location': '未知位置', 'price': 0.07, 'buy_time': '2026-02-05', 'channel': '嘉立创(号0309)', 'remark': 'C31001001'}
2026-02-05 16:08:42,771 - __main__ - DEBUG - 第2行映射结果: {'category': 'GS8632-MR', 'type': '运算放大器', 'model': '6MHz 轨到轨I/O输出，CMOS', 'package': 'MSOP-8', 'supplier': 'Gainsil(聚洵)', 'quantity': 5, 'unit': '个', 'location': '未知位置', 'price': 0.94, 'buy_time': '2026-02-05', 'channel': '嘉立创(号0309)', 'remark': 'C28002002'}
2026-02-05 16:08:42,772 - __main__ - DEBUG - 第3行映射结果: {'category': 'XC6206P332MR-G', 'type': '线性稳压器(LDO)', 'model': '3.3V 电流200mA 耐压6V', 'package': 'SOT-23-3L', 'supplier': 'TOREX(特瑞仕)', 'quantity': 5, 'unit': '个', 'location': '未知位置', 'price': 0.66, 'buy_time': '2026-02-05', 'channel': '嘉立创(号0309)', 'remark': 'C09003003'}
2026-02-05 16:08:42,772 - __main__ - DEBUG - 第4行映射结果: {'category': 'GZ1608D102TF', 'type': '磁珠', 'model': '单路 阻抗1kΩ@100MHz', 'package': '0603', 'supplier': 'Sunlord(顺络)', 'quantity': 40, 'unit': '个', 'location': '未知位置', 'price': 0.03, 'buy_time': '2026-02-05', 'channel': '嘉立创(号0309)', 'remark': 'C12004004'}
2026-02-05 16:08:42,772 - __main__ - DEBUG - 第5行映射结果: {'category': 'LMV358IDR', 'type': '运算放大器', 'model': 'CMOS，轨到轨通用放大器', 'package': 'SOP-8', 'supplier': 'TECH PUBLIC(台舟)', 'quantity': 5, 'unit': '个', 'location': '未知位置', 'price': 0.76, 'buy_time': '2026-02-05', 'channel': '嘉立创(号0309)', 'remark': 'C28005005'}
2026-02-05 16:08:42,773 - __main__ - DEBUG - 第6行映射结果: {'category': 'XC6206P332MR', 'type': '线性稳压器(LDO)', 'model': '3.3V 耐压6V', 'package': 'SOT-23', 'supplier': 'TECH PUBLIC(台舟)', 'quantity': 50, 'unit': '个', 'location': '未知位置', 'price': 0.07, 'buy_time': '2026-02-05', 'channel': '嘉立创(号0309)', 'remark': 'C09006006'}
2026-02-05 16:08:42,773 - __main__ - DEBUG - 第7行映射结果: {'category': 'SMBJ24CA', 'type': '静电和浪涌保护(TVS/ESD)', 'model': '双向TVS 24V截止 峰值脉冲电流15.4A', 'package': 'DO-214AA(SMB)', 'supplier': 'TECH PUBLIC(台舟)', 'quantity': 10, 'unit': '个', 'location': '未知位置', 'price': 0.19, 'buy_time': '2026-02-05', 'channel': '嘉立创(号0309)', 'remark': 'C11007007'}
2026-02-05 16:08:42,773 - __main__ - DEBUG - 第8行映射结果: {'category': 'PSM712-LF-T7', 'type': '静电和浪涌保护(TVS/ESD)', 'model': 'TVS 12V 7V截止 峰值浪涌电流17A@8/20us', 'package': 'SOT-23', 'supplier': 'TECH PUBLIC(台舟)', 'quantity': 10, 'unit': '个', 'location': '未知位置', 'price': 0.41, 'buy_time': '2026-02-05', 'channel': '嘉立创(号0309)', 'remark': 'C11008008'}
2026-02-05 16:08:42,773 - __main__ - DEBUG - 第9行映射结果: {'category': 'TPRT9013-33GB', 'type': '线性稳压器(LDO)', 'model': '3.3V 电流500mA 耐压7V', 'package': 'SOT-23-5', 'supplier': 'TECH PUBLIC(台舟)', 'quantity': 10, 'unit': '个', 'location': '未知位置', 'price': 0.45, 'buy_time': '2026-02-05', 'channel': '嘉立创(号0309)', 'remark': 'C09009009'}
2026-02-05 16:08:42,774 - __main__ - DEBUG - 第10行映射结果: {'category': 'AZC099-04S', 'type': '静电和浪涌保护(TVS/ESD)', 'model': '5V截止 峰值浪涌电流4.7A@8/20us', 'package': 'SOT-23-6', 'supplier': 'TECH PUBLIC(台舟)', 'quantity': 10, 'unit': '个', 'location': '未知位置', 'price': 0.35, 'buy_time': '2026-02-05', 'channel': '嘉立创(号0309)', 'remark': 'C11010010'}
2026-02-05 16:08:42,774 - __main__ - DEBUG - 第11行映射结果: {'category': 'ZX-XH2.54-3PWT', 'type': '线对板针座', 'model': '1x3P 间距2.5mm 卧贴 XH系列', 'package': 'SMD,P=2.5mm', 'supplier': 'Megastar(兆星)', 'quantity': 5, 'unit': '个', 'location': '未知位置', 'price': 0.35, 'buy_time': '2026-02-05', 'channel': '嘉立创(号0309)', 'remark': 'C15011011'}
2026-02-05 16:08:42,775 - __main__ - DEBUG - 第12行映射结果: {'category': 'ZX-DGRC-5.08-3P', 'type': '插拔式接线端子', 'model': '1x3P 间距5.08mm 排数1 每排3P', 'package': '弯插,P=5.08mm', 'supplier': 'Megastar(兆星)', 'quantity': 5, 'unit': '个', 'location': '未知位置', 'price': 0.34, 'buy_time': '2026-02-05', 'channel': '嘉立创(号0309)', 'remark': 'C15012012'}
2026-02-05 16:08:42,775 - __main__ - DEBUG - 第13行映射结果: {'category': 'ZX-PM2.54-1-16PY', 'type': '排母', 'model': '1x16P 间距2.54mm 直插', 'package': '插件,P=2.54mm', 'supplier': 'Megastar(兆星)', 'quantity': 5, 'unit': '个', 'location': '未知位置', 'price': 1.21, 'buy_time': '2026-02-05', 'channel': '嘉立创(号0309)', 'remark': 'C15013013'}
2026-02-05 16:08:42,775 - __main__ - DEBUG - 第14行映射结果: {'category': 'ZX-0.5FPC-2H-QFX8P', 'type': 'FFC/FPC连接器', 'model': '翻盖式下接 8P 间距0.5mm', 'package': 'SMD,P=0.5mm', 'supplier': 'Megastar(兆星)', 'quantity': 10, 'unit': '个', 'location': '未知位置', 'price': 0.48, 'buy_time': '2026-02-05', 'channel': '嘉立创(号0309)', 'remark': 'C15014014'}
2026-02-05 16:08:42,776 - __main__ - DEBUG - 第15行映射结果: {'category': 'ZX-MX1.25-2PLT', 'type': '线对板针座', 'model': '1x2P 间距1.25mm 立贴 MX1.25系列', 'package': 'SMD,P=1.25mm', 'supplier': 'Megastar(兆星)', 'quantity': 10, 'unit': '个', 'location': '未知位置', 'price': 0.2, 'buy_time': '2026-02-05', 'channel': '嘉立创(号0309)', 'remark': 'C15015015'}
2026-02-05 16:08:42,776 - __main__ - DEBUG - 第16行映射结果: {'category': 'SS8050', 'type': '三极管(BJT)', 'model': 'NPN 电流1.5A 电压25V', 'package': 'SOT-23', 'supplier': 'UMW(友台半导体)', 'quantity': 50, 'unit': '个', 'location': '未知位置', 'price': 0.08, 'buy_time': '2026-02-05', 'channel': '嘉立创(号0309)', 'remark': 'C31016016'}
2026-02-05 16:08:42,776 - __main__ - DEBUG - 第17行映射结果: {'category': 'AD8542ARUZ(UMW)', 'type': '运算放大器', 'model': '1.1MHz、85μA、CMOS、轨到轨输入输出', 'package': 'TSSOP-8', 'supplier': 'UMW(友台半导体)', 'quantity': 5, 'unit': '个', 'location': '未知位置', 'price': 0.63, 'buy_time': '2026-02-05', 'channel': '嘉立创(号0309)', 'remark': 'C28017017'}
2026-02-05 16:08:42,777 - __main__ - DEBUG - 第18行映射结果: {'category': 'AMS1117-3.3', 'type': '线性稳压器(LDO)', 'model': '3.3V 电流1A 耐压12V', 'package': 'SOT-223', 'supplier': 'UMW(友台半导体)', 'quantity': 20, 'unit': '个', 'location': '未知位置', 'price': 0.23, 'buy_time': '2026-02-05', 'channel': '嘉立创(号0309)', 'remark': 'C09018018'}
2026-02-05 16:08:42,777 - __main__ - DEBUG - 第19行映射结果: {'category': 'SN74LVC1G3157DCKR', 'type': '模拟开关/多路复用器', 'model': 'UMW SN74LVC1G3157 二选一模拟开关电路', 'package': 'SC-70-6', 'supplier': 'UMW(友台半导体)', 'quantity': 20, 'unit': '个', 'location': '未知位置', 'price': 0.23, 'buy_time': '2026-02-05', 'channel': '嘉立创(号0309)', 'remark': 'C27019019'}
2026-02-05 16:08:42,777 - __main__ - DEBUG - 第20行映射结果: {'category': 'BX-FFC0.5-T-10048-4P', 'type': 'FFC连接线(柔性扁平线缆)', 'model': 'FFC排线0.5mm 4P总长100mm 同向 金手指4p', 'package': 'P=0.5mm', 'supplier': 'Bossie(博锡)', 'quantity': 5, 'unit': '个', 'location': '未知位置', 'price': 0.42, 'buy_time': '2026-02-05', 'channel': '嘉立创(号0309)', 'remark': 'C15020020'}
2026-02-05 16:08:42,777 - __main__ - DEBUG - 第21行映射结果: {'category': 'BX-PM2.54-1-6PY', 'type': '排母', 'model': '1x6P 间距2.54mm 直插', 'package': '插件,P=2.54mm', 'supplier': 'Bossie(博锡)', 'quantity': 5, 'unit': '个', 'location': '未知位置', 'price': 0.7, 'buy_time': '2026-02-05', 'channel': '嘉立创(号0309)', 'remark': 'C15021021'}
2026-02-05 16:08:42,777 - __main__ - DEBUG - 第22行映射结果: {'category': 'BX-XH2.54-4PZZ', 'type': '线对板针座', 'model': '1x4P 间距2.5mm 直插 XH系列', 'package': '插件,P=2.5mm', 'supplier': 'Bossie(博锡)', 'quantity': 20, 'unit': '个', 'location': '未知位置', 'price': 0.11, 'buy_time': '2026-02-05', 'channel': '嘉立创(号0309)', 'remark': 'C15022022'}
2026-02-05 16:08:42,777 - __main__ - DEBUG - 第23行映射结果: {'category': 'BX-PH2.0-2PZZ', 'type': '线对板针座', 'model': '1x2P 间距2mm 直插 PH系列', 'package': '插件,P=2mm', 'supplier': 'Bossie(博锡)', 'quantity': 50, 'unit': '个', 'location': '未知位置', 'price': 0.05, 'buy_time': '2026-02-05', 'channel': '嘉立创(号0309)', 'remark': 'C15023023'}
2026-02-05 16:08:42,778 - __main__ - DEBUG - 第24行映射结果: {'category': 'BX-XH2.54-2PZZ', 'type': '线对板针座', 'model': '1x2P 间距2.5mm 直插 XH系列', 'package': '插件,P=2.5mm', 'supplier': 'Bossie(博锡)', 'quantity': 50, 'unit': '个', 'location': '未知位置', 'price': 0.06, 'buy_time': '2026-02-05', 'channel': '嘉立创(号0309)', 'remark': 'C15024024'}
2026-02-05 16:08:42,778 - __main__ - DEBUG - 第25行映射结果: {'category': 'BX-PH2.0-6PZZ', 'type': '线对板针座', 'model': '1x6P 间距2mm 直插 PH系列', 'package': '插件,P=2mm', 'supplier': 'Bossie(博锡)', 'quantity': 20, 'unit': '个', 'location': '未知位置', 'price': 0.13, 'buy_time': '2026-02-05', 'channel': '嘉立创(号0309)', 'remark': 'C15025025'}
2026-02-05 16:08:42,778 - __main__ - DEBUG - 第26行映射结果: {'category': 'SOD4007', 'type': '通用二极管', 'model': '1kV 电流1A', 'package': 'SOD-123FL', 'supplier': 'MDD(辰达半导体)', 'quantity': 50, 'unit': '个', 'location': '未知位置', 'price': 0.05, 'buy_time': '2026-02-05', 'channel': '嘉立创(号0309)', 'remark': 'C30026026'}
2026-02-05 16:08:42,778 - __main__ - DEBUG - 第27行映射结果: {'category': 'MMBT3904-E', 'type': '三极管(BJT)', 'model': 'hFE:100-300 NPN 电流200mA 电压40V', 'package': 'SOT-23', 'supplier': 'MDD(辰达半导体)', 'quantity': 20, 'unit': '个', 'location': '未知位置', 'price': 0.04, 'buy_time': '2026-02-05', 'channel': '嘉立创(号0309)', 'remark': 'C31027027'}
2026-02-05 16:08:42,778 - __main__ - DEBUG - 第28行映射结果: {'category': 'SS8550', 'type': '三极管(BJT)', 'model': 'H档200-350 PNP 电流1.5A 电压25V', 'package': 'SOT-23', 'supplier': 'MDD(辰达半导体)', 'quantity': 50, 'unit': '个', 'location': '未知位置', 'price': 0.08, 'buy_time': '2026-02-05', 'channel': '嘉立创(号0309)', 'remark': 'C31028028'}
2026-02-05 16:08:42,779 - __main__ - DEBUG - 第29行映射结果: {'category': 'S8050', 'type': '三极管(BJT)', 'model': 'hFE:200-350 NPN 电流500mA 电压25V', 'package': 'SOT-23', 'supplier': 'MDD(辰达半导体)', 'quantity': 50, 'unit': '个', 'location': '未知位置', 'price': 0.06, 'buy_time': '2026-02-05', 'channel': '嘉立创(号0309)', 'remark': 'C31029029'}
2026-02-05 16:08:42,779 - __main__ - DEBUG - 第30行映射结果: {'category': '1N4148WS-E', 'type': '开关二极管', 'model': '开关二极管', 'package': 'SOD-323', 'supplier': 'MDD(辰达半导体)', 'quantity': 50, 'unit': '个', 'location': '未知位置', 'price': 0.04, 'buy_time': '2026-02-05', 'channel': '嘉立创(号0309)', 'remark': 'C30030030'}
2026-02-05 16:08:42,780 - __main__ - DEBUG - 第31行映射结果: {'category': '1N5819', 'type': '肖特基二极管', 'model': '电压40V 电流1A', 'package': 'DO-41', 'supplier': 'MDD(辰达半导体)', 'quantity': 20, 'unit': '个', 'location': '未知位置', 'price': 0.2, 'buy_time': '2026-02-05', 'channel': '嘉立创(号0309)', 'remark': 'C30031031'}
2026-02-05 16:08:42,780 - __main__ - DEBUG - 第32行映射结果: {'category': 'XZLEL89CSI-KPIYLC-8M', 'type': '无源晶振', 'model': 'YSX321SL 8MHZ 4P 3225 20PF ±10PPM -40~85℃', 'package': 'SMD3225-4P', 'supplier': 'YXC(扬兴晶振)', 'quantity': 5, 'unit': '个', 'location': '未知位置', 'price': 0.7, 'buy_time': '2026-02-05', 'channel': '嘉立创(号0309)', 'remark': 'C13032032'}
2026-02-05 16:08:42,781 - __main__ - DEBUG - 第33行映射结果: {'category': 'X322512MSB4SI', 'type': '无源晶振', 'model': 'YSX321SL 12MHZ 4P 3225 20PF ±10PPM -40~85℃', 'package': 'SMD3225-4P', 'supplier': 'YXC(扬兴晶振)', 'quantity': 10, 'unit': '个', 'location': '未知位置', 'price': 0.43, 'buy_time': '2026-02-05', 'channel': '嘉立创(号0309)', 'remark': 'C13033033'}
2026-02-05 16:08:42,781 - __main__ - DEBUG - 第34行映射结果: {'category': 'X322532MOB4SI', 'type': '无源晶振', 'model': 'YSX321SL 32MHZ 4P 3225 12PF ±10PPM -40~85℃', 'package': 'SMD3225-4P', 'supplier': 'YXC(扬兴晶振)', 'quantity': 20, 'unit': '个', 'location': '未知位置', 'price': 0.44, 'buy_time': '2026-02-05', 'channel': '嘉立创(号0309)', 'remark': 'C13034034'}
2026-02-05 16:08:42,781 - __main__ - DEBUG - 第35行映射结果: {'category': 'TP4057', 'type': '电池管理', 'model': '500mA线性锂离子电池充电器', 'package': 'SOT-23-6', 'supplier': 'UMW(友台半导体)', 'quantity': 40, 'unit': '个', 'location': '未知位置', 'price': 0.21, 'buy_time': '2026-02-05', 'channel': '嘉立创(号0309)', 'remark': 'C02035035'}
2026-02-05 16:08:42,781 - __main__ - DEBUG - 第36行映射结果: {'category': 'AO3400A', 'type': '场效应管(MOSFET)', 'model': '1个N沟道 耐压30V 电流5.8A', 'package': 'SOT-23', 'supplier': 'UMW(友台半导体)', 'quantity': 20, 'unit': '个', 'location': '未知位置', 'price': 0.19, 'buy_time': '2026-02-05', 'channel': '嘉立创(号0309)', 'remark': 'C32036036'}
2026-02-05 16:08:42,782 - __main__ - DEBUG - 第37行映射结果: {'category': 'AO3401A', 'type': '场效应管(MOSFET)', 'model': '1个P沟道 耐压30V 电流4.2A', 'package': 'SOT-23', 'supplier': 'UMW(友台半导体)', 'quantity': 20, 'unit': '个', 'location': '未知位置', 'price': 0.19, 'buy_time': '2026-02-05', 'channel': '嘉立创(号0309)', 'remark': 'C32037037'}
2026-02-05 16:08:42,782 - __main__ - DEBUG - 第38行映射结果: {'category': 'YR-SX-20', 'type': '助焊剂/助焊膏', 'model': '亚润松香助焊剂 纯度高电焊松香', 'package': '-', 'supplier': 'YARUN(亚润)', 'quantity': 1, 'unit': '个', 'location': '未知位置', 'price': 1.75, 'buy_time': '2026-02-05', 'channel': '嘉立创(号0309)', 'remark': 'C40038038'}
2026-02-05 16:08:42,782 - __main__ - DEBUG - 第39行映射结果: {'category': 'Sn63Pb37 0.6mm 40g', 'type': '锡丝/锡线', 'model': '永佳润 高纯度体验版 焊锡丝0.6mm/40G', 'package': '-', 'supplier': 'YJR(永佳润)', 'quantity': 1, 'unit': '卷', 'location': '未知位置', 'price': 14.0, 'buy_time': '2026-02-05', 'channel': '嘉立创(号0309)', 'remark': 'C40039039'}
2026-02-05 16:08:42,783 - __main__ - DEBUG - 第40行映射结果: {'category': 'Sn63Pb37 1.2mm 40g', 'type': '锡丝/锡线', 'model': '永佳润 高纯度体验版 焊锡丝1.2mm/40G', 'package': '-', 'supplier': 'YJR(永佳润)', 'quantity': 1, 'unit': '卷', 'location': '未知位置', 'price': 10.94, 'buy_time': '2026-02-05', 'channel': '嘉立创(号0309)', 'remark': 'C40040040'}
2026-02-05 16:08:42,783 - __main__ - DEBUG - 第41行映射结果: {'category': 'F0501-T-10-20T-R', 'type': 'FFC/FPC连接器', 'model': '抽屉式 上接 P数10P 间距0.5mm', 'package': 'SMD,P=0.5mm', 'supplier': 'XFCN(兴飞)', 'quantity': 10, 'unit': '个', 'location': '未知位置', 'price': 0.0, 'buy_time': '2026-02-05', 'channel': '嘉立创(号0309)', 'remark': 'C481225'}
2026-02-05 16:08:42,783 - __main__ - DEBUG - 第42行映射结果: {'category': 'PM254V-11-16-H85', 'type': '排母', 'model': '1x16P 间距2.54mm 直插 托盘', 'package': '插件,P=2.54mm', 'supplier': 'XFCN(兴飞)', 'quantity': 5, 'unit': '个', 'location': '未知位置', 'price': 0.0, 'buy_time': '2026-02-05', 'channel': '嘉立创(号0309)', 'remark': 'C46595980'}
2026-02-05 16:08:42,783 - __main__ - DEBUG - 第43行映射结果: {'category': 'XF7126', 'type': '电子线', 'model': 'UL1007/22 红色 L=100 双端上锡 3.0MM 袋装', 'package': '-', 'supplier': 'XFCN(兴飞)', 'quantity': 20, 'unit': '个', 'location': '未知位置', 'price': 0.0, 'buy_time': '2026-02-05', 'channel': '嘉立创(号0309)', 'remark': 'C42393300'}
2026-02-05 16:08:42,784 - __main__ - DEBUG - 第44行映射结果: {'category': 'XF7129', 'type': '电子线', 'model': 'UL1007/22 黑色 L=100 双端上锡 3.0MM 袋装', 'package': '-', 'supplier': 'XFCN(兴飞)', 'quantity': 20, 'unit': '个', 'location': '未知位置', 'price': 0.0, 'buy_time': '2026-02-05', 'channel': '嘉立创(号0309)', 'remark': 'C42393303'}
2026-02-05 16:08:42,784 - __main__ - DEBUG - 第45行映射结果: {'category': 'XF7127', 'type': '电子线', 'model': 'UL1007/22 白色 L=100 双端上锡 3.0MM 袋装', 'package': '-', 'supplier': 'XFCN(兴飞)', 'quantity': 20, 'unit': '个', 'location': '未知位置', 'price': 0.0, 'buy_time': '2026-02-05', 'channel': '嘉立创(号0309)', 'remark': 'C42393301'}
2026-02-05 16:08:42,784 - __main__ - DEBUG - 第46行映射结果: {'category': 'XF7128', 'type': '电子线', 'model': 'UL1007/22 黄色 L=100 双端上锡 3.0MM 袋装', 'package': '-', 'supplier': 'XFCN(兴飞)', 'quantity': 20, 'unit': '个', 'location': '未知位置', 'price': 0.0, 'buy_time': '2026-02-05', 'channel': '嘉立创(号0309)', 'remark': 'C42393302'}
2026-02-05 16:08:42,784 - __main__ - DEBUG - 第47行映射结果: {'category': 'XF7130', 'type': '电子线', 'model': 'UL1007/22 蓝色 L=100 双端上锡 3.0MM 袋装', 'package': '-', 'supplier': 'XFCN(兴飞)', 'quantity': 20, 'unit': '个', 'location': '未知位置', 'price': 0.0, 'buy_time': '2026-02-05', 'channel': '嘉立创(号0309)', 'remark': 'C42393304'}
2026-02-05 16:08:42,784 - __main__ - DEBUG - 第48行映射结果: {'category': '4.7R', 'type': '贴片电阻', 'model': '4.7Ω 精度1%', 'package': '0603', 'supplier': '未知供应商', 'quantity': 100, 'unit': '只', 'location': '未知位置', 'price': 0.0, 'buy_time': '2026-02-05', 'channel': '未知', 'remark': '无'}
2026-02-05 16:08:42,784 - __main__ - DEBUG - 第49行映射结果: {'category': 'FRC0603F5101TS', 'type': '贴片电阻', 'model': '5.1kΩ ±1% 100mW 厚膜电阻', 'package': '0603', 'supplier': 'FOJAN(富捷)', 'quantity': 100, 'unit': '个', 'location': '未知位置', 'price': 0.0, 'buy_time': '2026-02-05', 'channel': '未知', 'remark': '无'}
2026-02-05 16:08:42,786 - __main__ - DEBUG - 第50行映射结果: {'category': 'FRC0603F2200TS', 'type': '贴片电阻', 'model': '220Ω ±1% 100mW 厚膜电阻', 'package': '0603', 'supplier': 'FOJAN(富捷)', 'quantity': 100, 'unit': '个', 'location': '未知位置', 'price': 0.0, 'buy_time': '2026-02-05', 'channel': '未知', 'remark': '无'}
2026-02-05 16:08:42,786 - __main__ - DEBUG - 第51行映射结果: {'category': 'FRC0603J101TS', 'type': '贴片电阻', 'model': '100Ω ±5% 100mW 厚膜电阻', 'package': '0603', 'supplier': 'FOJAN(富捷)', 'quantity': 100, 'unit': '个', 'location': '未知位置', 'price': 0.0, 'buy_time': '2026-02-05', 'channel': '未知', 'remark': '无'}
2026-02-05 16:08:42,786 - __main__ - DEBUG - 第52行映射结果: {'category': 'GR2512J360RT4G00', 'type': '贴片电阻', 'model': '360Ω ±5%', 'package': '2512', 'supplier': 'GiantOhm(鼎声微电)', 'quantity': 50, 'unit': '个', 'location': '未知位置', 'price': 0.0, 'buy_time': '2026-02-05', 'channel': '未知', 'remark': '无'}
2026-02-05 16:08:42,787 - __main__ - DEBUG - 第53行映射结果: {'category': 'FRC0603F6203TS', 'type': '贴片电阻', 'model': '620kΩ ±1% 100mW 厚膜电阻', 'package': '0603', 'supplier': 'FOJAN(富捷)', 'quantity': 100, 'unit': '个', 'location': '未知位置', 'price': 0.0, 'buy_time': '2026-02-05', 'channel': '未知', 'remark': '无'}
2026-02-05 16:08:42,787 - __main__ - DEBUG - 第54行映射结果: {'category': 'FRC0603F2403TS', 'type': '贴片电阻', 'model': '240kΩ ±1% 100mW 厚膜电阻', 'package': '0603', 'supplier': 'FOJAN(富捷)', 'quantity': 100, 'unit': '个', 'location': '未知位置', 'price': 0.0, 'buy_time': '2026-02-05', 'channel': '未知', 'remark': '无'}
2026-02-05 16:08:42,788 - __main__ - DEBUG - 第55行映射结果: {'category': 'RCA032KFLF', 'type': '贴片电阻', 'model': '2kΩ ±1% 100mW', 'package': '0603', 'supplier': 'HKR(香港电阻)', 'quantity': 100, 'unit': '个', 'location': '未知位置', 'price': 0.0, 'buy_time': '2026-02-05', 'channel': '未知', 'remark': '无'}
2026-02-05 16:08:42,788 - __main__ - DEBUG - 第56行映射结果: {'category': 'FRC0603F27R0TS', 'type': '贴片电阻', 'model': '27Ω ±1% 100mW 厚膜电阻', 'package': '0603', 'supplier': 'FOJAN(富捷)', 'quantity': 100, 'unit': '个', 'location': '未知位置', 'price': 0.0, 'buy_time': '2026-02-05', 'channel': '未知', 'remark': '无'}
2026-02-05 16:08:42,789 - __main__ - DEBUG - 第57行映射结果: {'category': 'GR1206J40390G', 'type': '贴片电阻', 'model': '39Ω ±5% 1/4W ±200ppm/℃', 'package': '1206', 'supplier': 'LIZ', 'quantity': 100, 'unit': '个', 'location': '未知位置', 'price': 0.0, 'buy_time': '2026-02-05', 'channel': '未知', 'remark': '无'}
2026-02-05 16:08:42,789 - __main__ - DEBUG - 第58行映射结果: {'category': 'SR0603FR-7T1RL', 'type': '贴片电阻', 'model': '1Ω ±1% 1/4W ±200ppm/℃', 'package': '0603', 'supplier': 'Yageo(国巨)', 'quantity': 20, 'unit': '个', 'location': '未知位置', 'price': 0.0, 'buy_time': '2026-02-05', 'channel': '未知', 'remark': '无'}
2026-02-05 16:08:42,790 - __main__ - DEBUG - 第59行映射结果: {'category': 'CR0603JA0152G', 'type': '贴片电阻', 'model': '1.5kΩ ±5% 1/10W ±200ppm/℃', 'package': '0603', 'supplier': 'LIZ', 'quantity': 50, 'unit': '个', 'location': '未知位置', 'price': 0.0, 'buy_time': '2026-02-05', 'channel': '未知', 'remark': '无'}
2026-02-05 16:08:42,790 - __main__ - DEBUG - 第60行映射结果: {'category': 'CR0603JA0100G', 'type': '贴片电阻', 'model': '10Ω ±5% 1/10W ±200ppm/℃', 'package': '0603', 'supplier': 'LIZ', 'quantity': 100, 'unit': '个', 'location': '未知位置', 'price': 0.0, 'buy_time': '2026-02-05', 'channel': '未知', 'remark': '无'}
2026-02-05 16:08:42,791 - __main__ - DEBUG - 第61行映射结果: {'category': 'SCR0603J1K', 'type': '贴片电阻', 'model': '1kΩ ±5% 100mW ±200ppm/℃', 'package': '0603', 'supplier': 'Vico', 'quantity': 50, 'unit': '个', 'location': '未知位置', 'price': 0.0, 'buy_time': '2026-02-05', 'channel': '未知', 'remark': '无'}
2026-02-05 16:08:42,791 - __main__ - DEBUG - 第62行映射结果: {'category': 'SCR0603FR500', 'type': '贴片电阻', 'model': '500mΩ ±1% 100mW', 'package': '0603', 'supplier': 'VO(翔胜)', 'quantity': 100, 'unit': '个', 'location': '未知位置', 'price': 0.0, 'buy_time': '2026-02-05', 'channel': '未知', 'remark': '无'}
2026-02-05 16:08:42,791 - __main__ - DEBUG - 第63行映射结果: {'category': 'FRC0603J103TS', 'type': '贴片电阻', 'model': '10kΩ ±5% 100mW 厚膜电阻', 'package': '0603', 'supplier': 'FOJAN(富捷)', 'quantity': 100, 'unit': '个', 'location': '未知位置', 'price': 0.0, 'buy_time': '2026-02-05', 'channel': '未知', 'remark': '无'}
2026-02-05 16:08:42,792 - __main__ - DEBUG - 第64行映射结果: {'category': 'CR0603FA1802G', 'type': '贴片电阻', 'model': '18kΩ ±1% 1/10W ±100ppm/℃', 'package': '0603', 'supplier': 'LIZ', 'quantity': 100, 'unit': '个', 'location': '未知位置', 'price': 0.0, 'buy_time': '2026-02-05', 'channel': '未知', 'remark': '无'}
2026-02-05 16:08:42,792 - __main__ - DEBUG - 第65行映射结果: {'category': '4.7K', 'type': '贴片电阻', 'model': '4.7kΩ 精度1%', 'package': '0603', 'supplier': '昌鸿微电子', 'quantity': 100, 'unit': '只', 'location': '未知位置', 'price': 0.0, 'buy_time': '2026-02-05', 'channel': '未知', 'remark': '无'}
2026-02-05 16:08:42,793 - __main__ - DEBUG - 第66行映射结果: {'category': 'S9014-GM', 'type': '三极管(BJT)', 'model': '未知型号', 'package': 'SOT-23', 'supplier': 'GMIC(绿微)', 'quantity': 100, 'unit': '个', 'location': '未知位置', 'price': 0.0, 'buy_time': '2026-02-05', 'channel': '未知', 'remark': '无'}
2026-02-05 16:08:42,793 - __main__ - DEBUG - 第67行映射结果: {'category': '1N5819WT', 'type': '肖特基二极管', 'model': '40V 350mA', 'package': 'SOD-523', 'supplier': 'SIkor(萨科微)', 'quantity': 50, 'unit': '个', 'location': '未知位置', 'price': 0.0, 'buy_time': '2026-02-05', 'channel': '未知', 'remark': '无'}
2026-02-05 16:08:42,794 - __main__ - DEBUG - 第68行映射结果: {'category': 'SS8050-GM', 'type': '三极管(BJT)', 'model': '未知型号', 'package': 'SOT-23', 'supplier': 'GMIC(绿微)', 'quantity': 50, 'unit': '个', 'location': '未知位置', 'price': 0.0, 'buy_time': '2026-02-05', 'channel': '未知', 'remark': '无'}
2026-02-05 16:08:42,794 - __main__ - DEBUG - 第69行映射结果: {'category': 'SCR0603F47R', 'type': '贴片电阻', 'model': '47Ω ±1% 100mW 厚膜电阻', 'package': '0603', 'supplier': 'VO(翔胜)', 'quantity': 100, 'unit': '个', 'location': '未知位置', 'price': 0.0, 'buy_time': '2026-02-05', 'channel': '未知', 'remark': '无'}
2026-02-05 16:08:42,795 - __main__ - DEBUG - 第70行映射结果: {'category': 'BAV99,215', 'type': '开关二极管', 'model': '100V 215mA', 'package': 'SOT-23', 'supplier': 'Nexperia(安世)', 'quantity': 20, 'unit': '个', 'location': '未知位置', 'price': 0.0, 'buy_time': '2026-02-05', 'channel': '未知', 'remark': '无'}
2026-02-05 16:08:42,795 - __main__ - DEBUG - 第71行映射结果: {'category': 'AO3400', 'type': '场效应管(MOSFET)', 'model': 'N沟道 耐压30V 电流5.8A', 'package': 'SOT-23', 'supplier': 'GOODWORK', 'quantity': 20, 'unit': '个', 'location': '未知位置', 'price': 0.0, 'buy_time': '2026-02-05', 'channel': '未知', 'remark': '无'}
2026-02-05 16:08:42,795 - __main__ - DEBUG - 第72行映射结果: {'category': 'AO3401', 'type': '场效应管(MOSFET)', 'model': 'P沟道 30V 4.2A', 'package': 'SOT-23', 'supplier': 'Hottech', 'quantity': 20, 'unit': '个', 'location': '未知位置', 'price': 0.0, 'buy_time': '2026-02-05', 'channel': '未知', 'remark': '无'}
2026-02-05 16:08:42,795 - __main__ - DEBUG - 第73行映射结果: {'category': 'RT9013-33GB-MS', 'type': '线性稳压器(LDO)', 'model': '3.3V 500mA 5.5V', 'package': 'SOT-23-5', 'supplier': 'MSKSEMI(美森科)', 'quantity': 10, 'unit': '个', 'location': '未知位置', 'price': 0.0, 'buy_time': '2026-02-05', 'channel': '未知', 'remark': '无'}
2026-02-05 16:08:42,796 - __main__ - DEBUG - 第74行映射结果: {'category': 'CAI0603C0G120J500JT', 'type': '贴片电容(MLCC)', 'model': '12pF ±5% 50V', 'package': '0603', 'supplier': 'HRE(芯声)', 'quantity': 100, 'unit': '个', 'location': '未知位置', 'price': 0.0, 'buy_time': '2026-02-05', 'channel': '未知', 'remark': '无'}
2026-02-05 16:08:42,796 - __main__ - DEBUG - 第75行映射结果: {'category': 'CC0603KRX7R9BB103', 'type': '贴片电容(MLCC)', 'model': '10nF ±10% 50V X7R', 'package': '0603', 'supplier': 'Yageo(国巨)', 'quantity': 100, 'unit': '个', 'location': '未知位置', 'price': 0.0, 'buy_time': '2026-02-05', 'channel': '未知', 'remark': '无'}
2026-02-05 16:08:42,797 - __main__ - DEBUG - 第76行映射结果: {'category': 'TCC0603X5R106K160CT', 'type': '贴片电容(MLCC)', 'model': '10uF ±10% 16V X5R', 'package': '0603', 'supplier': 'CCTO', 'quantity': 50, 'unit': '个', 'location': '未知位置', 'price': 0.0, 'buy_time': '2026-02-05', 'channel': '未知', 'remark': '无'}
2026-02-05 16:08:42,797 - __main__ - DEBUG - 第77行映射结果: {'category': 'CC0603ZRY5V8BB104', 'type': '贴片电容(MLCC)', 'model': '100nF -20~+80% 25V Y5V', 'package': '0603', 'supplier': 'Yageo(国巨)', 'quantity': 50, 'unit': '个', 'location': '未知位置', 'price': 0.0, 'buy_time': '2026-02-05', 'channel': '未知', 'remark': '无'}
2026-02-05 16:08:42,798 - __main__ - INFO - 映射完成，共77条数据
2026-02-05 16:08:42,943 - __main__ - INFO - 二维码生成成功：static/qrcode/QR_1_NPN 电流200mA 电压40V_20260205160842.png
2026-02-05 16:08:42,986 - __main__ - INFO - 二维码生成成功：static/qrcode/QR_2_6MHz 轨到轨I_O输出，CMOS_20260205160842.png
2026-02-05 16:08:43,028 - __main__ - INFO - 二维码生成成功：static/qrcode/QR_3_3.3V 电流200mA 耐压6V_20260205160843.png
2026-02-05 16:08:43,068 - __main__ - INFO - 二维码生成成功：static/qrcode/QR_4_单路 阻抗1kΩ@100MHz_20260205160843.png
2026-02-05 16:08:43,110 - __main__ - INFO - 二维码生成成功：static/qrcode/QR_5_CMOS，轨到轨通用放大器_20260205160843.png
2026-02-05 16:08:43,150 - __main__ - INFO - 二维码生成成功：static/qrcode/QR_6_3.3V 耐压6V_20260205160843.png
2026-02-05 16:08:43,194 - __main__ - INFO - 二维码生成成功：static/qrcode/QR_7_双向TVS 24V截止 峰值脉冲电流15.4A_20260205160843.png
2026-02-05 16:08:43,240 - __main__ - INFO - 二维码生成成功：static/qrcode/QR_8_TVS 12V 7V截止 峰值浪涌电流17A@8_20us_20260205160843.png
2026-02-05 16:08:43,279 - __main__ - INFO - 二维码生成成功：static/qrcode/QR_9_3.3V 电流500mA 耐压7V_20260205160843.png
2026-02-05 16:08:43,322 - __main__ - INFO - 二维码生成成功：static/qrcode/QR_10_5V截止 峰值浪涌电流4.7A@8_20us_20260205160843.png
2026-02-05 16:08:43,361 - __main__ - INFO - 二维码生成成功：static/qrcode/QR_11_1x3P 间距2.5mm 卧贴 XH系列_20260205160843.png
2026-02-05 16:08:43,407 - __main__ - INFO - 二维码生成成功：static/qrcode/QR_12_1x3P 间距5.08mm 排数1 每排3P_20260205160843.png
2026-02-05 16:08:43,448 - __main__ - INFO - 二维码生成成功：static/qrcode/QR_13_1x16P 间距2.54mm 直插_20260205160843.png
2026-02-05 16:08:43,486 - __main__ - INFO - 二维码生成成功：static/qrcode/QR_14_翻盖式下接 8P 间距0.5mm_20260205160843.png
2026-02-05 16:08:43,525 - __main__ - INFO - 二维码生成成功：static/qrcode/QR_15_1x2P 间距1.25mm 立贴 MX1.25系列_20260205160843.png
2026-02-05 16:08:43,565 - __main__ - INFO - 二维码生成成功：static/qrcode/QR_16_NPN 电流1.5A 电压25V_20260205160843.png
2026-02-05 16:08:43,608 - __main__ - INFO - 二维码生成成功：static/qrcode/QR_17_1.1MHz、85μA、CMOS、轨到轨输入输出_20260205160843.png
2026-02-05 16:08:43,646 - __main__ - INFO - 二维码生成成功：static/qrcode/QR_18_3.3V 电流1A 耐压12V_20260205160843.png
2026-02-05 16:08:43,689 - __main__ - INFO - 二维码生成成功：static/qrcode/QR_19_UMW SN74LVC1G3157 二选一模拟开关电路_20260205160843.png
2026-02-05 16:08:43,733 - __main__ - INFO - 二维码生成成功：static/qrcode/QR_20_FFC排线0.5mm 4P总长100mm 同向 金手指4p_20260205160843.png
2026-02-05 16:08:43,771 - __main__ - INFO - 二维码生成成功：static/qrcode/QR_21_1x6P 间距2.54mm 直插_20260205160843.png
2026-02-05 16:08:43,810 - __main__ - INFO - 二维码生成成功：static/qrcode/QR_22_1x4P 间距2.5mm 直插 XH系列_20260205160843.png
2026-02-05 16:08:43,850 - __main__ - INFO - 二维码生成成功：static/qrcode/QR_23_1x2P 间距2mm 直插 PH系列_20260205160843.png
2026-02-05 16:08:43,888 - __main__ - INFO - 二维码生成成功：static/qrcode/QR_24_1x2P 间距2.5mm 直插 XH系列_20260205160843.png
2026-02-05 16:08:43,927 - __main__ - INFO - 二维码生成成功：static/qrcode/QR_25_1x6P 间距2mm 直插 PH系列_20260205160843.png
2026-02-05 16:08:43,968 - __main__ - INFO - 二维码生成成功：static/qrcode/QR_26_1kV 电流1A_20260205160843.png
2026-02-05 16:08:44,009 - __main__ - INFO - 二维码生成成功：static/qrcode/QR_27_hFE:100-300 NPN 电流200mA 电压40V_20260205160844.png
2026-02-05 16:08:44,047 - __main__ - INFO - 二维码生成成功：static/qrcode/QR_28_H档200-350 PNP 电流1.5A 电压25V_20260205160844.png
2026-02-05 16:08:44,085 - __main__ - INFO - 二维码生成成功：static/qrcode/QR_29_hFE:200-350 NPN 电流500mA 电压25V_20260205160844.png
2026-02-05 16:08:44,124 - __main__ - INFO - 二维码生成成功：static/qrcode/QR_30_开关二极管_20260205160844.png
2026-02-05 16:08:44,165 - __main__ - INFO - 二维码生成成功：static/qrcode/QR_31_电压40V 电流1A_20260205160844.png
2026-02-05 16:08:44,209 - __main__ - INFO - 二维码生成成功：static/qrcode/QR_32_YSX321SL 8MHZ 4P 3225 20PF ±10PPM -40~85℃_20260205160844.png
2026-02-05 16:08:44,248 - __main__ - INFO - 二维码生成成功：static/qrcode/QR_33_YSX321SL 12MHZ 4P 3225 20PF ±10PPM -40~85℃_20260205160844.png
2026-02-05 16:08:44,290 - __main__ - INFO - 二维码生成成功：static/qrcode/QR_34_YSX321SL 32MHZ 4P 3225 12PF ±10PPM -40~85℃_20260205160844.png
2026-02-05 16:08:44,328 - __main__ - INFO - 二维码生成成功：static/qrcode/QR_35_500mA线性锂离子电池充电器_20260205160844.png
2026-02-05 16:08:44,367 - __main__ - INFO - 二维码生成成功：static/qrcode/QR_36_1个N沟道 耐压30V 电流5.8A_20260205160844.png
2026-02-05 16:08:44,405 - __main__ - INFO - 二维码生成成功：static/qrcode/QR_37_1个P沟道 耐压30V 电流4.2A_20260205160844.png
2026-02-05 16:08:44,443 - __main__ - INFO - 二维码生成成功：static/qrcode/QR_38_亚润松香助焊剂 纯度高电焊松香_20260205160844.png
2026-02-05 16:08:44,483 - __main__ - INFO - 二维码生成成功：static/qrcode/QR_39_永佳润 高纯度体验版 焊锡丝0.6mm_40G_20260205160844.png
2026-02-05 16:08:44,523 - __main__ - INFO - 二维码生成成功：static/qrcode/QR_40_永佳润 高纯度体验版 焊锡丝1.2mm_40G_20260205160844.png
2026-02-05 16:08:44,563 - __main__ - INFO - 二维码生成成功：static/qrcode/QR_41_抽屉式 上接 P数10P 间距0.5mm_20260205160844.png
2026-02-05 16:08:44,602 - __main__ - INFO - 二维码生成成功：static/qrcode/QR_42_1x16P 间距2.54mm 直插 托盘_20260205160844.png
2026-02-05 16:08:44,641 - __main__ - INFO - 二维码生成成功：static/qrcode/QR_43_UL1007_22 红色 L=100 双端上锡 3.0MM 袋装_20260205160844.png
2026-02-05 16:08:44,681 - __main__ - INFO - 二维码生成成功：static/qrcode/QR_44_UL1007_22 黑色 L=100 双端上锡 3.0MM 袋装_20260205160844.png
2026-02-05 16:08:44,722 - __main__ - INFO - 二维码生成成功：static/qrcode/QR_45_UL1007_22 白色 L=100 双端上锡 3.0MM 袋装_20260205160844.png
2026-02-05 16:08:44,762 - __main__ - INFO - 二维码生成成功：static/qrcode/QR_46_UL1007_22 黄色 L=100 双端上锡 3.0MM 袋装_20260205160844.png
2026-02-05 16:08:44,800 - __main__ - INFO - 二维码生成成功：static/qrcode/QR_47_UL1007_22 蓝色 L=100 双端上锡 3.0MM 袋装_20260205160844.png
2026-02-05 16:08:44,834 - __main__ - INFO - 二维码生成成功：static/qrcode/QR_48_4.7Ω 精度1%_20260205160844.png
2026-02-05 16:08:44,872 - __main__ - INFO - 二维码生成成功：static/qrcode/QR_49_5.1kΩ ±1% 100mW 厚膜电阻_20260205160844.png
2026-02-05 16:08:44,910 - __main__ - INFO - 二维码生成成功：static/qrcode/QR_50_220Ω ±1% 100mW 厚膜电阻_20260205160844.png
2026-02-05 16:08:44,950 - __main__ - INFO - 二维码生成成功：static/qrcode/QR_51_100Ω ±5% 100mW 厚膜电阻_20260205160844.png
2026-02-05 16:08:44,986 - __main__ - INFO - 二维码生成成功：static/qrcode/QR_52_360Ω ±5%_20260205160844.png
2026-02-05 16:08:45,028 - __main__ - INFO - 二维码生成成功：static/qrcode/QR_53_620kΩ ±1% 100mW 厚膜电阻_20260205160845.png
2026-02-05 16:08:45,069 - __main__ - INFO - 二维码生成成功：static/qrcode/QR_54_240kΩ ±1% 100mW 厚膜电阻_20260205160845.png
2026-02-05 16:08:45,105 - __main__ - INFO - 二维码生成成功：static/qrcode/QR_55_2kΩ ±1% 100mW_20260205160845.png
2026-02-05 16:08:45,144 - __main__ - INFO - 二维码生成成功：static/qrcode/QR_56_27Ω ±1% 100mW 厚膜电阻_20260205160845.png
2026-02-05 16:08:45,184 - __main__ - INFO - 二维码生成成功：static/qrcode/QR_57_39Ω ±5% 1_4W ±200ppm_℃_20260205160845.png
2026-02-05 16:08:45,226 - __main__ - INFO - 二维码生成成功：static/qrcode/QR_58_1Ω ±1% 1_4W ±200ppm_℃_20260205160845.png
2026-02-05 16:08:45,273 - __main__ - INFO - 二维码生成成功：static/qrcode/QR_59_1.5kΩ ±5% 1_10W ±200ppm_℃_20260205160845.png
2026-02-05 16:08:45,313 - __main__ - INFO - 二维码生成成功：static/qrcode/QR_60_10Ω ±5% 1_10W ±200ppm_℃_20260205160845.png
2026-02-05 16:08:45,359 - __main__ - INFO - 二维码生成成功：static/qrcode/QR_61_1kΩ ±5% 100mW ±200ppm_℃_20260205160845.png
2026-02-05 16:08:45,397 - __main__ - INFO - 二维码生成成功：static/qrcode/QR_62_500mΩ ±1% 100mW_20260205160845.png
2026-02-05 16:08:45,436 - __main__ - INFO - 二维码生成成功：static/qrcode/QR_63_10kΩ ±5% 100mW 厚膜电阻_20260205160845.png
2026-02-05 16:08:45,478 - __main__ - INFO - 二维码生成成功：static/qrcode/QR_64_18kΩ ±1% 1_10W ±100ppm_℃_20260205160845.png
2026-02-05 16:08:45,512 - __main__ - INFO - 二维码生成成功：static/qrcode/QR_65_4.7kΩ 精度1%_20260205160845.png
2026-02-05 16:08:45,553 - __main__ - INFO - 二维码生成成功：static/qrcode/QR_66_未知型号_20260205160845.png
2026-02-05 16:08:45,591 - __main__ - INFO - 二维码生成成功：static/qrcode/QR_67_40V 350mA_20260205160845.png
2026-02-05 16:08:45,631 - __main__ - INFO - 二维码生成成功：static/qrcode/QR_66_未知型号_20260205160845.png
2026-02-05 16:08:45,670 - __main__ - INFO - 二维码生成成功：static/qrcode/QR_69_47Ω ±1% 100mW 厚膜电阻_20260205160845.png
2026-02-05 16:08:45,709 - __main__ - INFO - 二维码生成成功：static/qrcode/QR_70_100V 215mA_20260205160845.png
2026-02-05 16:08:45,751 - __main__ - INFO - 二维码生成成功：static/qrcode/QR_71_N沟道 耐压30V 电流5.8A_20260205160845.png
2026-02-05 16:08:45,790 - __main__ - INFO - 二维码生成成功：static/qrcode/QR_72_P沟道 30V 4.2A_20260205160845.png
2026-02-05 16:08:45,829 - __main__ - INFO - 二维码生成成功：static/qrcode/QR_73_3.3V 500mA 5.5V_20260205160845.png
2026-02-05 16:08:45,868 - __main__ - INFO - 二维码生成成功：static/qrcode/QR_74_12pF ±5% 50V_20260205160845.png
2026-02-05 16:08:45,906 - __main__ - INFO - 二维码生成成功：static/qrcode/QR_75_10nF ±10% 50V X7R_20260205160845.png
2026-02-05 16:08:45,944 - __main__ - INFO - 二维码生成成功：static/qrcode/QR_77_100nF -20~+80% 25V Y5V_20260205160845.png
2026-02-05 16:08:45,999 - __main__ - INFO - 二维码生成成功：static/qrcode/QR_78_10uF ±10% 16V X5R_20260205160845.png
2026-02-05 16:08:46,000 - __main__ - INFO - BOM导入完成：新增1，合并76，覆盖0，跳过0，总计77
2026-02-05 16:08:46,008 - werkzeug - INFO - 127.0.0.1 - - [05/Feb/2026 16:08:46] "POST /do_bom_import HTTP/1.1" 200 -
2026-02-05 16:09:00,223 - werkzeug - INFO - 127.0.0.1 - - [05/Feb/2026 16:09:00] "GET /?selected=&kw= HTTP/1.1" 200 -
2026-02-05 16:09:03,227 - werkzeug - INFO - 127.0.0.1 - - [05/Feb/2026 16:09:03] "[36mGET /static/img/Sn63Pb37_1.2mm_40g_永佳润_高纯度体验版_焊锡丝1.2mm_40G_-_20260205145007_5a733f.jpg HTTP/1.1[0m" 304 -
2026-02-05 16:19:34,637 - __main__ - INFO - 数据库表初始化完成
2026-02-05 16:19:34,638 - __main__ - INFO - component表存在
2026-02-05 16:19:34,639 - __main__ - INFO - component表列: ['id', 'category', 'type', 'model', 'package', 'supplier', 'quantity', 'unit', 'location', 'price', 'buy_time', 'channel', 'remark', 'img_path', 'attach_path', 'qrcode_path']
2026-02-05 16:19:35,901 - werkzeug - INFO - [31m[1mWARNING: This is a development server. Do not use it in a production deployment. Use a production WSGI server instead.[0m
 * Running on all addresses (0.0.0.0)
 * Running on http://127.0.0.1:5000
 * Running on http://192.168.3.51:5000
2026-02-05 16:19:35,902 - werkzeug - INFO - [33mPress CTRL+C to quit[0m
2026-02-05 16:19:38,251 - werkzeug - INFO - 127.0.0.1 - - [05/Feb/2026 16:19:38] "GET / HTTP/1.1" 200 -
2026-02-05 16:19:45,642 - __main__ - INFO - 文件删除：G:\10_PyTorch\stock_manage\static/qrcode/QR_1_NPN 电流200mA 电压40V_20260205160842.png
2026-02-05 16:19:45,644 - __main__ - INFO - 文件删除：G:\10_PyTorch\stock_manage\static/qrcode/QR_2_6MHz 轨到轨I_O输出，CMOS_20260205160842.png
2026-02-05 16:19:45,646 - __main__ - INFO - 文件删除：G:\10_PyTorch\stock_manage\static/qrcode/QR_3_3.3V 电流200mA 耐压6V_20260205160843.png
2026-02-05 16:19:45,647 - __main__ - INFO - 文件删除：G:\10_PyTorch\stock_manage\static/qrcode/QR_4_单路 阻抗1kΩ@100MHz_20260205160843.png
2026-02-05 16:19:45,649 - __main__ - INFO - 文件删除：G:\10_PyTorch\stock_manage\static/qrcode/QR_5_CMOS，轨到轨通用放大器_20260205160843.png
2026-02-05 16:19:45,650 - __main__ - INFO - 文件删除：G:\10_PyTorch\stock_manage\static/qrcode/QR_6_3.3V 耐压6V_20260205160843.png
2026-02-05 16:19:45,651 - __main__ - INFO - 文件删除：G:\10_PyTorch\stock_manage\static/qrcode/QR_7_双向TVS 24V截止 峰值脉冲电流15.4A_20260205160843.png
2026-02-05 16:19:45,652 - __main__ - INFO - 文件删除：G:\10_PyTorch\stock_manage\static/qrcode/QR_8_TVS 12V 7V截止 峰值浪涌电流17A@8_20us_20260205160843.png
2026-02-05 16:19:45,653 - __main__ - INFO - 文件删除：G:\10_PyTorch\stock_manage\static/qrcode/QR_9_3.3V 电流500mA 耐压7V_20260205160843.png
2026-02-05 16:19:45,654 - __main__ - INFO - 文件删除：G:\10_PyTorch\stock_manage\static/qrcode/QR_10_5V截止 峰值浪涌电流4.7A@8_20us_20260205160843.png
2026-02-05 16:19:45,655 - __main__ - INFO - 文件删除：G:\10_PyTorch\stock_manage\static/qrcode/QR_11_1x3P 间距2.5mm 卧贴 XH系列_20260205160843.png
2026-02-05 16:19:45,656 - __main__ - INFO - 文件删除：G:\10_PyTorch\stock_manage\static/qrcode/QR_12_1x3P 间距5.08mm 排数1 每排3P_20260205160843.png
2026-02-05 16:19:45,657 - __main__ - INFO - 文件删除：G:\10_PyTorch\stock_manage\static/qrcode/QR_13_1x16P 间距2.54mm 直插_20260205160843.png
2026-02-05 16:19:45,659 - __main__ - INFO - 文件删除：G:\10_PyTorch\stock_manage\static/qrcode/QR_14_翻盖式下接 8P 间距0.5mm_20260205160843.png
2026-02-05 16:19:45,661 - __main__ - INFO - 文件删除：G:\10_PyTorch\stock_manage\static/qrcode/QR_15_1x2P 间距1.25mm 立贴 MX1.25系列_20260205160843.png
2026-02-05 16:19:45,662 - __main__ - INFO - 文件删除：G:\10_PyTorch\stock_manage\static/qrcode/QR_16_NPN 电流1.5A 电压25V_20260205160843.png
2026-02-05 16:19:45,663 - __main__ - INFO - 文件删除：G:\10_PyTorch\stock_manage\static/qrcode/QR_17_1.1MHz、85μA、CMOS、轨到轨输入输出_20260205160843.png
2026-02-05 16:19:45,664 - __main__ - INFO - 文件删除：G:\10_PyTorch\stock_manage\static/qrcode/QR_18_3.3V 电流1A 耐压12V_20260205160843.png
2026-02-05 16:19:45,665 - __main__ - INFO - 文件删除：G:\10_PyTorch\stock_manage\static/qrcode/QR_19_UMW SN74LVC1G3157 二选一模拟开关电路_20260205160843.png
2026-02-05 16:19:45,666 - __main__ - INFO - 文件删除：G:\10_PyTorch\stock_manage\static/qrcode/QR_20_FFC排线0.5mm 4P总长100mm 同向 金手指4p_20260205160843.png
2026-02-05 16:19:45,667 - __main__ - INFO - 文件删除：G:\10_PyTorch\stock_manage\static/qrcode/QR_21_1x6P 间距2.54mm 直插_20260205160843.png
2026-02-05 16:19:45,668 - __main__ - INFO - 文件删除：G:\10_PyTorch\stock_manage\static/qrcode/QR_22_1x4P 间距2.5mm 直插 XH系列_20260205160843.png
2026-02-05 16:19:45,669 - __main__ - INFO - 文件删除：G:\10_PyTorch\stock_manage\static/qrcode/QR_23_1x2P 间距2mm 直插 PH系列_20260205160843.png
2026-02-05 16:19:45,671 - __main__ - INFO - 文件删除：G:\10_PyTorch\stock_manage\static/qrcode/QR_24_1x2P 间距2.5mm 直插 XH系列_20260205160843.png
2026-02-05 16:19:45,672 - __main__ - INFO - 文件删除：G:\10_PyTorch\stock_manage\static/qrcode/QR_25_1x6P 间距2mm 直插 PH系列_20260205160843.png
2026-02-05 16:19:45,673 - __main__ - INFO - 文件删除：G:\10_PyTorch\stock_manage\static/qrcode/QR_26_1kV 电流1A_20260205160843.png
2026-02-05 16:19:45,675 - __main__ - INFO - 文件删除：G:\10_PyTorch\stock_manage\static/qrcode/QR_27_hFE:100-300 NPN 电流200mA 电压40V_20260205160844.png
2026-02-05 16:19:45,677 - __main__ - INFO - 文件删除：G:\10_PyTorch\stock_manage\static/qrcode/QR_28_H档200-350 PNP 电流1.5A 电压25V_20260205160844.png
2026-02-05 16:19:45,678 - __main__ - INFO - 文件删除：G:\10_PyTorch\stock_manage\static/qrcode/QR_29_hFE:200-350 NPN 电流500mA 电压25V_20260205160844.png
2026-02-05 16:19:45,679 - __main__ - INFO - 文件删除：G:\10_PyTorch\stock_manage\static/qrcode/QR_30_开关二极管_20260205160844.png
2026-02-05 16:19:45,681 - __main__ - INFO - 文件删除：G:\10_PyTorch\stock_manage\static/qrcode/QR_31_电压40V 电流1A_20260205160844.png
2026-02-05 16:19:45,682 - __main__ - INFO - 文件删除：G:\10_PyTorch\stock_manage\static/qrcode/QR_32_YSX321SL 8MHZ 4P 3225 20PF ±10PPM -40~85℃_20260205160844.png
2026-02-05 16:19:45,683 - __main__ - INFO - 文件删除：G:\10_PyTorch\stock_manage\static/qrcode/QR_33_YSX321SL 12MHZ 4P 3225 20PF ±10PPM -40~85℃_20260205160844.png
2026-02-05 16:19:45,684 - __main__ - INFO - 文件删除：G:\10_PyTorch\stock_manage\static/qrcode/QR_34_YSX321SL 32MHZ 4P 3225 12PF ±10PPM -40~85℃_20260205160844.png
2026-02-05 16:19:45,686 - __main__ - INFO - 文件删除：G:\10_PyTorch\stock_manage\static/qrcode/QR_35_500mA线性锂离子电池充电器_20260205160844.png
2026-02-05 16:19:45,688 - __main__ - INFO - 文件删除：G:\10_PyTorch\stock_manage\static/qrcode/QR_36_1个N沟道 耐压30V 电流5.8A_20260205160844.png
2026-02-05 16:19:45,689 - __main__ - INFO - 文件删除：G:\10_PyTorch\stock_manage\static/qrcode/QR_37_1个P沟道 耐压30V 电流4.2A_20260205160844.png
2026-02-05 16:19:45,690 - __main__ - INFO - 文件删除：G:\10_PyTorch\stock_manage\static/qrcode/QR_38_亚润松香助焊剂 纯度高电焊松香_20260205160844.png
2026-02-05 16:19:45,692 - __main__ - INFO - 文件删除：G:\10_PyTorch\stock_manage\static/qrcode/QR_39_永佳润 高纯度体验版 焊锡丝0.6mm_40G_20260205160844.png
2026-02-05 16:19:45,693 - __main__ - INFO - 文件删除：G:\10_PyTorch\stock_manage\static/img/Sn63Pb37_1.2mm_40g_永佳润_高纯度体验版_焊锡丝1.2mm_40G_-_20260205145007_5a733f.jpg
2026-02-05 16:19:45,695 - __main__ - INFO - 文件删除：G:\10_PyTorch\stock_manage\static/attach/Sn63Pb37_1.2mm_40g_永佳润_高纯度体验版_焊锡丝1.2mm_40G_-_20260205145007_34adf3.pdf
2026-02-05 16:19:45,697 - __main__ - INFO - 文件删除：G:\10_PyTorch\stock_manage\static/qrcode/QR_40_永佳润 高纯度体验版 焊锡丝1.2mm_40G_20260205160844.png
2026-02-05 16:19:45,698 - __main__ - INFO - 文件删除：G:\10_PyTorch\stock_manage\static/qrcode/QR_41_抽屉式 上接 P数10P 间距0.5mm_20260205160844.png
2026-02-05 16:19:45,699 - __main__ - INFO - 文件删除：G:\10_PyTorch\stock_manage\static/qrcode/QR_42_1x16P 间距2.54mm 直插 托盘_20260205160844.png
2026-02-05 16:19:45,700 - __main__ - INFO - 文件删除：G:\10_PyTorch\stock_manage\static/qrcode/QR_43_UL1007_22 红色 L=100 双端上锡 3.0MM 袋装_20260205160844.png
2026-02-05 16:19:45,701 - __main__ - INFO - 文件删除：G:\10_PyTorch\stock_manage\static/qrcode/QR_44_UL1007_22 黑色 L=100 双端上锡 3.0MM 袋装_20260205160844.png
2026-02-05 16:19:45,702 - __main__ - INFO - 文件删除：G:\10_PyTorch\stock_manage\static/qrcode/QR_45_UL1007_22 白色 L=100 双端上锡 3.0MM 袋装_20260205160844.png
2026-02-05 16:19:45,703 - __main__ - INFO - 文件删除：G:\10_PyTorch\stock_manage\static/qrcode/QR_46_UL1007_22 黄色 L=100 双端上锡 3.0MM 袋装_20260205160844.png
2026-02-05 16:19:45,705 - __main__ - INFO - 文件删除：G:\10_PyTorch\stock_manage\static/qrcode/QR_47_UL1007_22 蓝色 L=100 双端上锡 3.0MM 袋装_20260205160844.png
2026-02-05 16:19:45,706 - __main__ - INFO - 文件删除：G:\10_PyTorch\stock_manage\static/qrcode/QR_48_4.7Ω 精度1%_20260205160844.png
2026-02-05 16:19:45,707 - __main__ - INFO - 文件删除：G:\10_PyTorch\stock_manage\static/qrcode/QR_49_5.1kΩ ±1% 100mW 厚膜电阻_20260205160844.png
2026-02-05 16:19:45,709 - __main__ - INFO - 文件删除：G:\10_PyTorch\stock_manage\static/qrcode/QR_50_220Ω ±1% 100mW 厚膜电阻_20260205160844.png
2026-02-05 16:19:45,710 - __main__ - INFO - 文件删除：G:\10_PyTorch\stock_manage\static/qrcode/QR_51_100Ω ±5% 100mW 厚膜电阻_20260205160844.png
2026-02-05 16:19:45,712 - __main__ - INFO - 文件删除：G:\10_PyTorch\stock_manage\static/qrcode/QR_52_360Ω ±5%_20260205160844.png
2026-02-05 16:19:45,712 - __main__ - INFO - 文件删除：G:\10_PyTorch\stock_manage\static/qrcode/QR_53_620kΩ ±1% 100mW 厚膜电阻_20260205160845.png
2026-02-05 16:19:45,714 - __main__ - INFO - 文件删除：G:\10_PyTorch\stock_manage\static/qrcode/QR_54_240kΩ ±1% 100mW 厚膜电阻_20260205160845.png
2026-02-05 16:19:45,716 - __main__ - INFO - 文件删除：G:\10_PyTorch\stock_manage\static/qrcode/QR_55_2kΩ ±1% 100mW_20260205160845.png
2026-02-05 16:19:45,717 - __main__ - INFO - 文件删除：G:\10_PyTorch\stock_manage\static/qrcode/QR_56_27Ω ±1% 100mW 厚膜电阻_20260205160845.png
2026-02-05 16:19:45,718 - __main__ - INFO - 文件删除：G:\10_PyTorch\stock_manage\static/qrcode/QR_57_39Ω ±5% 1_4W ±200ppm_℃_20260205160845.png
2026-02-05 16:19:45,719 - __main__ - INFO - 文件删除：G:\10_PyTorch\stock_manage\static/qrcode/QR_58_1Ω ±1% 1_4W ±200ppm_℃_20260205160845.png
2026-02-05 16:19:45,720 - __main__ - INFO - 文件删除：G:\10_PyTorch\stock_manage\static/qrcode/QR_59_1.5kΩ ±5% 1_10W ±200ppm_℃_20260205160845.png
2026-02-05 16:19:45,721 - __main__ - INFO - 文件删除：G:\10_PyTorch\stock_manage\static/qrcode/QR_60_10Ω ±5% 1_10W ±200ppm_℃_20260205160845.png
2026-02-05 16:19:45,722 - __main__ - INFO - 文件删除：G:\10_PyTorch\stock_manage\static/qrcode/QR_61_1kΩ ±5% 100mW ±200ppm_℃_20260205160845.png
2026-02-05 16:19:45,723 - __main__ - INFO - 文件删除：G:\10_PyTorch\stock_manage\static/qrcode/QR_62_500mΩ ±1% 100mW_20260205160845.png
2026-02-05 16:19:45,724 - __main__ - INFO - 文件删除：G:\10_PyTorch\stock_manage\static/qrcode/QR_63_10kΩ ±5% 100mW 厚膜电阻_20260205160845.png
2026-02-05 16:19:45,727 - __main__ - INFO - 文件删除：G:\10_PyTorch\stock_manage\static/qrcode/QR_64_18kΩ ±1% 1_10W ±100ppm_℃_20260205160845.png
2026-02-05 16:19:45,728 - __main__ - INFO - 文件删除：G:\10_PyTorch\stock_manage\static/qrcode/QR_65_4.7kΩ 精度1%_20260205160845.png
2026-02-05 16:19:45,729 - __main__ - INFO - 文件删除：G:\10_PyTorch\stock_manage\static/qrcode/QR_66_未知型号_20260205160845.png
2026-02-05 16:19:45,731 - __main__ - INFO - 文件删除：G:\10_PyTorch\stock_manage\static/qrcode/QR_67_40V 350mA_20260205160845.png
2026-02-05 16:19:45,732 - __main__ - INFO - 文件删除：G:\10_PyTorch\stock_manage\static/qrcode/QR_68_未知型号_20260205152643.png
2026-02-05 16:19:45,733 - __main__ - INFO - 文件删除：G:\10_PyTorch\stock_manage\static/qrcode/QR_69_47Ω ±1% 100mW 厚膜电阻_20260205160845.png
2026-02-05 16:19:45,735 - __main__ - INFO - 文件删除：G:\10_PyTorch\stock_manage\static/qrcode/QR_70_100V 215mA_20260205160845.png
2026-02-05 16:19:45,736 - __main__ - INFO - 文件删除：G:\10_PyTorch\stock_manage\static/qrcode/QR_71_N沟道 耐压30V 电流5.8A_20260205160845.png
2026-02-05 16:19:45,737 - __main__ - INFO - 文件删除：G:\10_PyTorch\stock_manage\static/qrcode/QR_72_P沟道 30V 4.2A_20260205160845.png
2026-02-05 16:19:45,738 - __main__ - INFO - 文件删除：G:\10_PyTorch\stock_manage\static/qrcode/QR_73_3.3V 500mA 5.5V_20260205160845.png
2026-02-05 16:19:45,739 - __main__ - INFO - 文件删除：G:\10_PyTorch\stock_manage\static/qrcode/QR_74_12pF ±5% 50V_20260205160845.png
2026-02-05 16:19:45,740 - __main__ - INFO - 文件删除：G:\10_PyTorch\stock_manage\static/qrcode/QR_75_10nF ±10% 50V X7R_20260205160845.png
2026-02-05 16:19:45,742 - __main__ - INFO - 文件删除：G:\10_PyTorch\stock_manage\static/qrcode/QR_76_10μF ±10% 16V X5R_20260205152643.png
2026-02-05 16:19:45,744 - __main__ - INFO - 文件删除：G:\10_PyTorch\stock_manage\static/qrcode/QR_77_100nF -20~+80% 25V Y5V_20260205160845.png
2026-02-05 16:19:45,745 - __main__ - INFO - 文件删除：G:\10_PyTorch\stock_manage\static/qrcode/QR_78_10uF ±10% 16V X5R_20260205160845.png
2026-02-05 16:19:45,753 - werkzeug - INFO - 127.0.0.1 - - [05/Feb/2026 16:19:45] "[32mGET /batch_delete?kw=&ids=78,77,76,75,74,73,72,71,70,69,68,67,66,65,64,63,62,61,60,59,58,57,56,55,54,53,52,51,50,49,48,47,46,45,44,43,42,41,40,39,38,37,36,35,34,33,32,31,30,29,28,27,26,25,24,23,22,21,20,19,18,17,16,15,14,13,12,11,10,9,8,7,6,5,4,3,2,1 HTTP/1.1[0m" 302 -
2026-02-05 16:19:45,789 - werkzeug - INFO - 127.0.0.1 - - [05/Feb/2026 16:19:45] "GET /?selected=&kw= HTTP/1.1" 200 -
2026-02-05 16:19:55,272 - werkzeug - INFO - 127.0.0.1 - - [05/Feb/2026 16:19:55] "GET /?selected=&kw= HTTP/1.1" 200 -
2026-02-05 16:19:59,693 - werkzeug - INFO - 127.0.0.1 - - [05/Feb/2026 16:19:59] "GET /?selected=&kw= HTTP/1.1" 200 -
2026-02-05 16:20:03,805 - werkzeug - INFO - 127.0.0.1 - - [05/Feb/2026 16:20:03] "GET /bom_import HTTP/1.1" 200 -
2026-02-05 16:21:17,199 - werkzeug - INFO - 127.0.0.1 - - [05/Feb/2026 16:21:17] "POST /parse_bom_data HTTP/1.1" 200 -
2026-02-05 16:23:39,777 - __main__ - DEBUG - 第1行映射结果: {'category': '2N3904S-RTK/PS', 'type': '三极管(BJT)', 'model': 'NPN 电流200mA 电压40V', 'package': 'SOT-23', 'supplier': 'KEC', 'quantity': 25, 'unit': '个', 'location': '未知位置', 'price': 0.0708, 'buy_time': '2026-02-05', 'channel': '嘉立创(号0309)', 'remark': '无'}
2026-02-05 16:23:39,777 - __main__ - DEBUG - 第2行映射结果: {'category': 'GS8632-MR', 'type': '运算放大器', 'model': '6MHz 轨到轨I/O输出，CMOS', 'package': 'MSOP-8', 'supplier': 'Gainsil(聚洵)', 'quantity': 5, 'unit': '个', 'location': '未知位置', 'price': 0.9395, 'buy_time': '2026-02-05', 'channel': '嘉立创(号0309)', 'remark': '无'}
2026-02-05 16:23:39,778 - __main__ - DEBUG - 第3行映射结果: {'category': 'XC6206P332MR-G', 'type': '线性稳压器(LDO)', 'model': '3.3V 电流200mA 耐压6V', 'package': 'SOT-23-3L', 'supplier': 'TOREX(特瑞仕)', 'quantity': 5, 'unit': '个', 'location': '未知位置', 'price': 0.6591, 'buy_time': '2026-02-05', 'channel': '嘉立创(号0309)', 'remark': '无'}
2026-02-05 16:23:39,778 - __main__ - DEBUG - 第4行映射结果: {'category': 'GZ1608D102TF', 'type': '磁珠', 'model': '单路 阻抗1kΩ@100MHz', 'package': '0603', 'supplier': 'Sunlord(顺络)', 'quantity': 40, 'unit': '个', 'location': '未知位置', 'price': 0.034, 'buy_time': '2026-02-05', 'channel': '嘉立创(号0309)', 'remark': '无'}
2026-02-05 16:23:39,779 - __main__ - DEBUG - 第5行映射结果: {'category': 'LMV358IDR', 'type': '运算放大器', 'model': 'CMOS，轨到轨通用放大器', 'package': 'SOP-8', 'supplier': 'TECH PUBLIC(台舟)', 'quantity': 5, 'unit': '个', 'location': '未知位置', 'price': 0.7629, 'buy_time': '2026-02-05', 'channel': '嘉立创(号0309)', 'remark': '无'}
2026-02-05 16:23:39,779 - __main__ - DEBUG - 第6行映射结果: {'category': 'XC6206P332MR', 'type': '线性稳压器(LDO)', 'model': '3.3V 耐压6V', 'package': 'SOT-23', 'supplier': 'TECH PUBLIC(台舟)', 'quantity': 50, 'unit': '个', 'location': '未知位置', 'price': 0.0684, 'buy_time': '2026-02-05', 'channel': '嘉立创(号0309)', 'remark': '无'}
2026-02-05 16:23:39,779 - __main__ - DEBUG - 第7行映射结果: {'category': 'SMBJ24CA', 'type': '静电和浪涌保护(TVS/ESD)', 'model': '双向TVS 24V截止 峰值脉冲电流15.4A', 'package': 'DO-214AA(SMB)', 'supplier': 'TECH PUBLIC(台舟)', 'quantity': 10, 'unit': '个', 'location': '未知位置', 'price': 0.1914, 'buy_time': '2026-02-05', 'channel': '嘉立创(号0309)', 'remark': '无'}
2026-02-05 16:23:39,780 - __main__ - DEBUG - 第8行映射结果: {'category': 'PSM712-LF-T7', 'type': '静电和浪涌保护(TVS/ESD)', 'model': 'TVS 12V 7V截止 峰值浪涌电流17A@8/20us', 'package': 'SOT-23', 'supplier': 'TECH PUBLIC(台舟)', 'quantity': 10, 'unit': '个', 'location': '未知位置', 'price': 0.4077, 'buy_time': '2026-02-05', 'channel': '嘉立创(号0309)', 'remark': '无'}
2026-02-05 16:23:39,780 - __main__ - DEBUG - 第9行映射结果: {'category': 'TPRT9013-33GB', 'type': '线性稳压器(LDO)', 'model': '3.3V 电流500mA 耐压7V', 'package': 'SOT-23-5', 'supplier': 'TECH PUBLIC(台舟)', 'quantity': 10, 'unit': '个', 'location': '未知位置', 'price': 0.4531, 'buy_time': '2026-02-05', 'channel': '嘉立创(号0309)', 'remark': '无'}
2026-02-05 16:23:39,780 - __main__ - DEBUG - 第10行映射结果: {'category': 'AZC099-04S', 'type': '静电和浪涌保护(TVS/ESD)', 'model': '5V截止 峰值浪涌电流4.7A@8/20us', 'package': 'SOT-23-6', 'supplier': 'TECH PUBLIC(台舟)', 'quantity': 10, 'unit': '个', 'location': '未知位置', 'price': 0.3529, 'buy_time': '2026-02-05', 'channel': '嘉立创(号0309)', 'remark': '无'}
2026-02-05 16:23:39,780 - __main__ - DEBUG - 第11行映射结果: {'category': 'ZX-XH2.54-3PWT', 'type': '线对板针座', 'model': '1x3P 间距2.5mm 卧贴 XH系列', 'package': 'SMD,P=2.5mm', 'supplier': 'Megastar(兆星)', 'quantity': 5, 'unit': '个', 'location': '未知位置', 'price': 0.354255, 'buy_time': '2026-02-05', 'channel': '嘉立创(号0309)', 'remark': '无'}
2026-02-05 16:23:39,780 - __main__ - DEBUG - 第12行映射结果: {'category': 'ZX-DGRC-5.08-3P', 'type': '插拔式接线端子', 'model': '1x3P 间距5.08mm 排数1 每排3P', 'package': '弯插,P=5.08mm', 'supplier': 'Megastar(兆星)', 'quantity': 5, 'unit': '个', 'location': '未知位置', 'price': 0.33896, 'buy_time': '2026-02-05', 'channel': '嘉立创(号0309)', 'remark': '无'}
2026-02-05 16:23:39,781 - __main__ - DEBUG - 第13行映射结果: {'category': 'ZX-PM2.54-1-16PY', 'type': '排母', 'model': '1x16P 间距2.54mm 直插', 'package': '插件,P=2.54mm', 'supplier': 'Megastar(兆星)', 'quantity': 5, 'unit': '个', 'location': '未知位置', 'price': 1.21068, 'buy_time': '2026-02-05', 'channel': '嘉立创(号0309)', 'remark': '无'}
2026-02-05 16:23:39,781 - __main__ - DEBUG - 第14行映射结果: {'category': 'ZX-0.5FPC-2H-QFX8P', 'type': 'FFC/FPC连接器', 'model': '翻盖式下接 8P 间距0.5mm', 'package': 'SMD,P=0.5mm', 'supplier': 'Megastar(兆星)', 'quantity': 10, 'unit': '个', 'location': '未知位置', 'price': 0.48469, 'buy_time': '2026-02-05', 'channel': '嘉立创(号0309)', 'remark': '无'}
2026-02-05 16:23:39,782 - __main__ - DEBUG - 第15行映射结果: {'category': 'ZX-MX1.25-2PLT', 'type': '线对板针座', 'model': '1x2P 间距1.25mm 立贴 MX1.25系列', 'package': 'SMD,P=1.25mm', 'supplier': 'Megastar(兆星)', 'quantity': 10, 'unit': '个', 'location': '未知位置', 'price': 0.195985, 'buy_time': '2026-02-05', 'channel': '嘉立创(号0309)', 'remark': '无'}
2026-02-05 16:23:39,782 - __main__ - DEBUG - 第16行映射结果: {'category': 'SS8050', 'type': '三极管(BJT)', 'model': 'NPN 电流1.5A 电压25V', 'package': 'SOT-23', 'supplier': 'UMW(友台半导体)', 'quantity': 50, 'unit': '个', 'location': '未知位置', 'price': 0.0777, 'buy_time': '2026-02-05', 'channel': '嘉立创(号0309)', 'remark': '无'}
2026-02-05 16:23:39,782 - __main__ - DEBUG - 第17行映射结果: {'category': 'AD8542ARUZ(UMW)', 'type': '运算放大器', 'model': '1.1MHz、85μA、CMOS、轨到轨输入输出', 'package': 'TSSOP-8', 'supplier': 'UMW(友台半导体)', 'quantity': 5, 'unit': '个', 'location': '未知位置', 'price': 0.6303, 'buy_time': '2026-02-05', 'channel': '嘉立创(号0309)', 'remark': '无'}
2026-02-05 16:23:39,783 - __main__ - DEBUG - 第18行映射结果: {'category': 'AMS1117-3.3', 'type': '线性稳压器(LDO)', 'model': '3.3V 电流1A 耐压12V', 'package': 'SOT-223', 'supplier': 'UMW(友台半导体)', 'quantity': 20, 'unit': '个', 'location': '未知位置', 'price': 0.2278, 'buy_time': '2026-02-05', 'channel': '嘉立创(号0309)', 'remark': '无'}
2026-02-05 16:23:39,783 - __main__ - DEBUG - 第19行映射结果: {'category': 'SN74LVC1G3157DCKR', 'type': '模拟开关/多路复用器', 'model': 'UMW SN74LVC1G3157 二选一模拟开关电路', 'package': 'SC-70-6', 'supplier': 'UMW(友台半导体)', 'quantity': 20, 'unit': '个', 'location': '未知位置', 'price': 0.2286, 'buy_time': '2026-02-05', 'channel': '嘉立创(号0309)', 'remark': '无'}
2026-02-05 16:23:39,783 - __main__ - DEBUG - 第20行映射结果: {'category': 'BX-FFC0.5-T-10048-4P', 'type': 'FFC连接线(柔性扁平线缆)', 'model': 'FFC排线0.5mm 4P总长100mm 同向 金手指4p', 'package': 'P=0.5mm', 'supplier': 'Bossie(博锡)', 'quantity': 5, 'unit': '个', 'location': '未知位置', 'price': 0.42066, 'buy_time': '2026-02-05', 'channel': '嘉立创(号0309)', 'remark': '无'}
2026-02-05 16:23:39,783 - __main__ - DEBUG - 第21行映射结果: {'category': 'BX-PM2.54-1-6PY', 'type': '排母', 'model': '1x6P 间距2.54mm 直插', 'package': '插件,P=2.54mm', 'supplier': 'Bossie(博锡)', 'quantity': 5, 'unit': '个', 'location': '未知位置', 'price': 0.704235, 'buy_time': '2026-02-05', 'channel': '嘉立创(号0309)', 'remark': '无'}
2026-02-05 16:23:39,784 - __main__ - DEBUG - 第22行映射结果: {'category': 'BX-XH2.54-4PZZ', 'type': '线对板针座', 'model': '1x4P 间距2.5mm 直插 XH系列', 'package': '插件,P=2.5mm', 'supplier': 'Bossie(博锡)', 'quantity': 20, 'unit': '个', 'location': '未知位置', 'price': 0.11457, 'buy_time': '2026-02-05', 'channel': '嘉立创(号0309)', 'remark': '无'}
2026-02-05 16:23:39,784 - __main__ - DEBUG - 第23行映射结果: {'category': 'BX-PH2.0-2PZZ', 'type': '线对板针座', 'model': '1x2P 间距2mm 直插 PH系列', 'package': '插件,P=2mm', 'supplier': 'Bossie(博锡)', 'quantity': 50, 'unit': '个', 'location': '未知位置', 'price': 0.05054, 'buy_time': '2026-02-05', 'channel': '嘉立创(号0309)', 'remark': '无'}
2026-02-05 16:23:39,784 - __main__ - DEBUG - 第24行映射结果: {'category': 'BX-XH2.54-2PZZ', 'type': '线对板针座', 'model': '1x2P 间距2.5mm 直插 XH系列', 'package': '插件,P=2.5mm', 'supplier': 'Bossie(博锡)', 'quantity': 50, 'unit': '个', 'location': '未知位置', 'price': 0.063935, 'buy_time': '2026-02-05', 'channel': '嘉立创(号0309)', 'remark': '无'}
2026-02-05 16:23:39,785 - __main__ - DEBUG - 第25行映射结果: {'category': 'BX-PH2.0-6PZZ', 'type': '线对板针座', 'model': '1x6P 间距2mm 直插 PH系列', 'package': '插件,P=2mm', 'supplier': 'Bossie(博锡)', 'quantity': 20, 'unit': '个', 'location': '未知位置', 'price': 0.12597, 'buy_time': '2026-02-05', 'channel': '嘉立创(号0309)', 'remark': '无'}
2026-02-05 16:23:39,785 - __main__ - DEBUG - 第26行映射结果: {'category': 'SOD4007', 'type': '通用二极管', 'model': '1kV 电流1A', 'package': 'SOD-123FL', 'supplier': 'MDD(辰达半导体)', 'quantity': 50, 'unit': '个', 'location': '未知位置', 'price': 0.048192, 'buy_time': '2026-02-05', 'channel': '嘉立创(号0309)', 'remark': '无'}
2026-02-05 16:23:39,785 - __main__ - DEBUG - 第27行映射结果: {'category': 'MMBT3904-E', 'type': '三极管(BJT)', 'model': 'hFE:100-300 NPN 电流200mA 电压40V', 'package': 'SOT-23', 'supplier': 'MDD(辰达半导体)', 'quantity': 20, 'unit': '个', 'location': '未知位置', 'price': 0.040704, 'buy_time': '2026-02-05', 'channel': '嘉立创(号0309)', 'remark': '无'}
2026-02-05 16:23:39,785 - __main__ - DEBUG - 第28行映射结果: {'category': 'SS8550', 'type': '三极管(BJT)', 'model': 'H档200-350 PNP 电流1.5A 电压25V', 'package': 'SOT-23', 'supplier': 'MDD(辰达半导体)', 'quantity': 50, 'unit': '个', 'location': '未知位置', 'price': 0.078144, 'buy_time': '2026-02-05', 'channel': '嘉立创(号0309)', 'remark': '无'}
2026-02-05 16:23:39,785 - __main__ - DEBUG - 第29行映射结果: {'category': 'S8050', 'type': '三极管(BJT)', 'model': 'hFE:200-350 NPN 电流500mA 电压25V', 'package': 'SOT-23', 'supplier': 'MDD(辰达半导体)', 'quantity': 50, 'unit': '个', 'location': '未知位置', 'price': 0.0649, 'buy_time': '2026-02-05', 'channel': '嘉立创(号0309)', 'remark': '无'}
2026-02-05 16:23:39,785 - __main__ - DEBUG - 第30行映射结果: {'category': '1N4148WS-E', 'type': '开关二极管', 'model': '开关二极管', 'package': 'SOD-323', 'supplier': 'MDD(辰达半导体)', 'quantity': 50, 'unit': '个', 'location': '未知位置', 'price': 0.040704, 'buy_time': '2026-02-05', 'channel': '嘉立创(号0309)', 'remark': '无'}
2026-02-05 16:23:39,787 - __main__ - DEBUG - 第31行映射结果: {'category': '1N5819', 'type': '肖特基二极管', 'model': '电压40V 电流1A', 'package': 'DO-41', 'supplier': 'MDD(辰达半导体)', 'quantity': 20, 'unit': '个', 'location': '未知位置', 'price': 0.199104, 'buy_time': '2026-02-05', 'channel': '嘉立创(号0309)', 'remark': '无'}
2026-02-05 16:23:39,787 - __main__ - DEBUG - 第32行映射结果: {'category': 'XZLEL89CSI-KPIYLC-8M', 'type': '无源晶振', 'model': 'YSX321SL 8MHZ 4P 3225 20PF ±10PPM -40~85℃', 'package': 'SMD3225-4P', 'supplier': 'YXC(扬兴晶振)', 'quantity': 5, 'unit': '个', 'location': '未知位置', 'price': 0.7031, 'buy_time': '2026-02-05', 'channel': '嘉立创(号0309)', 'remark': '无'}
2026-02-05 16:23:39,787 - __main__ - DEBUG - 第33行映射结果: {'category': 'X322512MSB4SI', 'type': '无源晶振', 'model': 'YSX321SL 12MHZ 4P 3225 20PF ±10PPM -40~85℃', 'package': 'SMD3225-4P', 'supplier': 'YXC(扬兴晶振)', 'quantity': 10, 'unit': '个', 'location': '未知位置', 'price': 0.4342, 'buy_time': '2026-02-05', 'channel': '嘉立创(号0309)', 'remark': '无'}
2026-02-05 16:23:39,787 - __main__ - DEBUG - 第34行映射结果: {'category': 'X322532MOB4SI', 'type': '无源晶振', 'model': 'YSX321SL 32MHZ 4P 3225 12PF ±10PPM -40~85℃', 'package': 'SMD3225-4P', 'supplier': 'YXC(扬兴晶振)', 'quantity': 20, 'unit': '个', 'location': '未知位置', 'price': 0.4384, 'buy_time': '2026-02-05', 'channel': '嘉立创(号0309)', 'remark': '无'}
2026-02-05 16:23:39,788 - __main__ - DEBUG - 第35行映射结果: {'category': 'TP4057', 'type': '电池管理', 'model': '500mA线性锂离子电池充电器', 'package': 'SOT-23-6', 'supplier': 'UMW(友台半导体)', 'quantity': 40, 'unit': '个', 'location': '未知位置', 'price': 0.2113, 'buy_time': '2026-02-05', 'channel': '嘉立创(号0309)', 'remark': '无'}
2026-02-05 16:23:39,788 - __main__ - DEBUG - 第36行映射结果: {'category': 'AO3400A', 'type': '场效应管(MOSFET)', 'model': '1个N沟道 耐压30V 电流5.8A', 'package': 'SOT-23', 'supplier': 'UMW(友台半导体)', 'quantity': 20, 'unit': '个', 'location': '未知位置', 'price': 0.1936, 'buy_time': '2026-02-05', 'channel': '嘉立创(号0309)', 'remark': '无'}
2026-02-05 16:23:39,788 - __main__ - DEBUG - 第37行映射结果: {'category': 'AO3401A', 'type': '场效应管(MOSFET)', 'model': '1个P沟道 耐压30V 电流4.2A', 'package': 'SOT-23', 'supplier': 'UMW(友台半导体)', 'quantity': 20, 'unit': '个', 'location': '未知位置', 'price': 0.1911, 'buy_time': '2026-02-05', 'channel': '嘉立创(号0309)', 'remark': '无'}
2026-02-05 16:23:39,788 - __main__ - DEBUG - 第38行映射结果: {'category': 'YR-SX-20', 'type': '助焊剂/助焊膏', 'model': '亚润松香助焊剂 纯度高电焊松香', 'package': '-', 'supplier': 'YARUN(亚润)', 'quantity': 1, 'unit': '个', 'location': '未知位置', 'price': 1.75, 'buy_time': '2026-02-05', 'channel': '嘉立创(号0309)', 'remark': '无'}
2026-02-05 16:23:39,789 - __main__ - DEBUG - 第39行映射结果: {'category': 'Sn63Pb37 0.6mm 40g', 'type': '锡丝/锡线', 'model': '永佳润 高纯度体验版 焊锡丝0.6mm/40G', 'package': '-', 'supplier': 'YJR(永佳润)', 'quantity': 1, 'unit': '卷', 'location': '未知位置', 'price': 14.0, 'buy_time': '2026-02-05', 'channel': '嘉立创(号0309)', 'remark': '无'}
2026-02-05 16:23:39,789 - __main__ - DEBUG - 第40行映射结果: {'category': 'Sn63Pb37 1.2mm 40g', 'type': '锡丝/锡线', 'model': '永佳润 高纯度体验版 焊锡丝1.2mm/40G', 'package': '-', 'supplier': 'YJR(永佳润)', 'quantity': 1, 'unit': '卷', 'location': '未知位置', 'price': 10.94, 'buy_time': '2026-02-05', 'channel': '嘉立创(号0309)', 'remark': '无'}
2026-02-05 16:23:39,790 - __main__ - DEBUG - 第41行映射结果: {'category': 'F0501-T-10-20T-R', 'type': 'FFC/FPC连接器', 'model': '抽屉式 上接 P数10P 间距0.5mm', 'package': 'SMD,P=0.5mm', 'supplier': 'XFCN(兴飞)', 'quantity': 10, 'unit': '个', 'location': '未知位置', 'price': 0.0, 'buy_time': '2026-02-05', 'channel': '嘉立创(号0309)', 'remark': '无'}
2026-02-05 16:23:39,791 - __main__ - DEBUG - 第42行映射结果: {'category': 'PM254V-11-16-H85', 'type': '排母', 'model': '1x16P 间距2.54mm 直插 托盘', 'package': '插件,P=2.54mm', 'supplier': 'XFCN(兴飞)', 'quantity': 5, 'unit': '个', 'location': '未知位置', 'price': 0.0, 'buy_time': '2026-02-05', 'channel': '嘉立创(号0309)', 'remark': '无'}
2026-02-05 16:23:39,791 - __main__ - DEBUG - 第43行映射结果: {'category': 'XF7126', 'type': '电子线', 'model': 'UL1007/22 红色 L=100 双端上锡 3.0MM 袋装', 'package': '-', 'supplier': 'XFCN(兴飞)', 'quantity': 20, 'unit': '个', 'location': '未知位置', 'price': 0.0, 'buy_time': '2026-02-05', 'channel': '嘉立创(号0309)', 'remark': '无'}
2026-02-05 16:23:39,791 - __main__ - DEBUG - 第44行映射结果: {'category': 'XF7129', 'type': '电子线', 'model': 'UL1007/22 黑色 L=100 双端上锡 3.0MM 袋装', 'package': '-', 'supplier': 'XFCN(兴飞)', 'quantity': 20, 'unit': '个', 'location': '未知位置', 'price': 0.0, 'buy_time': '2026-02-05', 'channel': '嘉立创(号0309)', 'remark': '无'}
2026-02-05 16:23:39,792 - __main__ - DEBUG - 第45行映射结果: {'category': 'XF7127', 'type': '电子线', 'model': 'UL1007/22 白色 L=100 双端上锡 3.0MM 袋装', 'package': '-', 'supplier': 'XFCN(兴飞)', 'quantity': 20, 'unit': '个', 'location': '未知位置', 'price': 0.0, 'buy_time': '2026-02-05', 'channel': '嘉立创(号0309)', 'remark': '无'}
2026-02-05 16:23:39,793 - __main__ - DEBUG - 第46行映射结果: {'category': 'XF7128', 'type': '电子线', 'model': 'UL1007/22 黄色 L=100 双端上锡 3.0MM 袋装', 'package': '-', 'supplier': 'XFCN(兴飞)', 'quantity': 20, 'unit': '个', 'location': '未知位置', 'price': 0.0, 'buy_time': '2026-02-05', 'channel': '嘉立创(号0309)', 'remark': '无'}
2026-02-05 16:23:39,794 - __main__ - DEBUG - 第47行映射结果: {'category': 'XF7130', 'type': '电子线', 'model': 'UL1007/22 蓝色 L=100 双端上锡 3.0MM 袋装', 'package': '-', 'supplier': 'XFCN(兴飞)', 'quantity': 20, 'unit': '个', 'location': '未知位置', 'price': 0.0, 'buy_time': '2026-02-05', 'channel': '嘉立创(号0309)', 'remark': '无'}
2026-02-05 16:23:39,794 - __main__ - DEBUG - 第48行映射结果: {'category': '4.7R', 'type': '贴片电阻', 'model': '4.7Ω 精度1%', 'package': '0603', 'supplier': '未知供应商', 'quantity': 100, 'unit': '只', 'location': '未知位置', 'price': 0.0, 'buy_time': '2026-02-05', 'channel': '未知', 'remark': '无'}
2026-02-05 16:23:39,794 - __main__ - DEBUG - 第49行映射结果: {'category': 'FRC0603F5101TS', 'type': '贴片电阻', 'model': '5.1kΩ ±1% 100mW 厚膜电阻', 'package': '0603', 'supplier': 'FOJAN(富捷)', 'quantity': 100, 'unit': '个', 'location': '未知位置', 'price': 0.0, 'buy_time': '2026-02-05', 'channel': '未知', 'remark': '无'}
2026-02-05 16:23:39,794 - __main__ - DEBUG - 第50行映射结果: {'category': 'FRC0603F2200TS', 'type': '贴片电阻', 'model': '220Ω ±1% 100mW 厚膜电阻', 'package': '0603', 'supplier': 'FOJAN(富捷)', 'quantity': 100, 'unit': '个', 'location': '未知位置', 'price': 0.0, 'buy_time': '2026-02-05', 'channel': '未知', 'remark': '无'}
2026-02-05 16:23:39,795 - __main__ - DEBUG - 第51行映射结果: {'category': 'FRC0603J101TS', 'type': '贴片电阻', 'model': '100Ω ±5% 100mW 厚膜电阻', 'package': '0603', 'supplier': 'FOJAN(富捷)', 'quantity': 100, 'unit': '个', 'location': '未知位置', 'price': 0.0, 'buy_time': '2026-02-05', 'channel': '未知', 'remark': '无'}
2026-02-05 16:23:39,795 - __main__ - DEBUG - 第52行映射结果: {'category': 'GR2512J360RT4G00', 'type': '贴片电阻', 'model': '360Ω ±5%', 'package': '2512', 'supplier': 'GiantOhm(鼎声微电)', 'quantity': 50, 'unit': '个', 'location': '未知位置', 'price': 0.0, 'buy_time': '2026-02-05', 'channel': '未知', 'remark': '无'}
2026-02-05 16:23:39,795 - __main__ - DEBUG - 第53行映射结果: {'category': 'FRC0603F6203TS', 'type': '贴片电阻', 'model': '620kΩ ±1% 100mW 厚膜电阻', 'package': '0603', 'supplier': 'FOJAN(富捷)', 'quantity': 100, 'unit': '个', 'location': '未知位置', 'price': 0.0, 'buy_time': '2026-02-05', 'channel': '未知', 'remark': '无'}
2026-02-05 16:23:39,796 - __main__ - DEBUG - 第54行映射结果: {'category': 'FRC0603F2403TS', 'type': '贴片电阻', 'model': '240kΩ ±1% 100mW 厚膜电阻', 'package': '0603', 'supplier': 'FOJAN(富捷)', 'quantity': 100, 'unit': '个', 'location': '未知位置', 'price': 0.0, 'buy_time': '2026-02-05', 'channel': '未知', 'remark': '无'}
2026-02-05 16:23:39,796 - __main__ - DEBUG - 第55行映射结果: {'category': 'RCA032KFLF', 'type': '贴片电阻', 'model': '2kΩ ±1% 100mW', 'package': '0603', 'supplier': 'HKR(香港电阻)', 'quantity': 100, 'unit': '个', 'location': '未知位置', 'price': 0.0, 'buy_time': '2026-02-05', 'channel': '未知', 'remark': '无'}
2026-02-05 16:23:39,796 - __main__ - DEBUG - 第56行映射结果: {'category': 'FRC0603F27R0TS', 'type': '贴片电阻', 'model': '27Ω ±1% 100mW 厚膜电阻', 'package': '0603', 'supplier': 'FOJAN(富捷)', 'quantity': 100, 'unit': '个', 'location': '未知位置', 'price': 0.0, 'buy_time': '2026-02-05', 'channel': '未知', 'remark': '无'}
2026-02-05 16:23:39,796 - __main__ - DEBUG - 第57行映射结果: {'category': 'GR1206J40390G', 'type': '贴片电阻', 'model': '39Ω ±5% 1/4W ±200ppm/℃', 'package': '1206', 'supplier': 'LIZ', 'quantity': 100, 'unit': '个', 'location': '未知位置', 'price': 0.0, 'buy_time': '2026-02-05', 'channel': '未知', 'remark': '无'}
2026-02-05 16:23:39,797 - __main__ - DEBUG - 第58行映射结果: {'category': 'SR0603FR-7T1RL', 'type': '贴片电阻', 'model': '1Ω ±1% 1/4W ±200ppm/℃', 'package': '0603', 'supplier': 'Yageo(国巨)', 'quantity': 20, 'unit': '个', 'location': '未知位置', 'price': 0.0, 'buy_time': '2026-02-05', 'channel': '未知', 'remark': '无'}
2026-02-05 16:23:39,797 - __main__ - DEBUG - 第59行映射结果: {'category': 'CR0603JA0152G', 'type': '贴片电阻', 'model': '1.5kΩ ±5% 1/10W ±200ppm/℃', 'package': '0603', 'supplier': 'LIZ', 'quantity': 50, 'unit': '个', 'location': '未知位置', 'price': 0.0, 'buy_time': '2026-02-05', 'channel': '未知', 'remark': '无'}
2026-02-05 16:23:39,797 - __main__ - DEBUG - 第60行映射结果: {'category': 'CR0603JA0100G', 'type': '贴片电阻', 'model': '10Ω ±5% 1/10W ±200ppm/℃', 'package': '0603', 'supplier': 'LIZ', 'quantity': 100, 'unit': '个', 'location': '未知位置', 'price': 0.0, 'buy_time': '2026-02-05', 'channel': '未知', 'remark': '无'}
2026-02-05 16:23:39,797 - __main__ - DEBUG - 第61行映射结果: {'category': 'SCR0603J1K', 'type': '贴片电阻', 'model': '1kΩ ±5% 100mW ±200ppm/℃', 'package': '0603', 'supplier': 'Vico', 'quantity': 50, 'unit': '个', 'location': '未知位置', 'price': 0.0, 'buy_time': '2026-02-05', 'channel': '未知', 'remark': '无'}
2026-02-05 16:23:39,797 - __main__ - DEBUG - 第62行映射结果: {'category': 'SCR0603FR500', 'type': '贴片电阻', 'model': '500mΩ ±1% 100mW', 'package': '0603', 'supplier': 'VO(翔胜)', 'quantity': 100, 'unit': '个', 'location': '未知位置', 'price': 0.0, 'buy_time': '2026-02-05', 'channel': '未知', 'remark': '无'}
2026-02-05 16:23:39,797 - __main__ - DEBUG - 第63行映射结果: {'category': 'FRC0603J103TS', 'type': '贴片电阻', 'model': '10kΩ ±5% 100mW 厚膜电阻', 'package': '0603', 'supplier': 'FOJAN(富捷)', 'quantity': 100, 'unit': '个', 'location': '未知位置', 'price': 0.0, 'buy_time': '2026-02-05', 'channel': '未知', 'remark': '无'}
2026-02-05 16:23:39,798 - __main__ - DEBUG - 第64行映射结果: {'category': 'CR0603FA1802G', 'type': '贴片电阻', 'model': '18kΩ ±1% 1/10W ±100ppm/℃', 'package': '0603', 'supplier': 'LIZ', 'quantity': 100, 'unit': '个', 'location': '未知位置', 'price': 0.0, 'buy_time': '2026-02-05', 'channel': '未知', 'remark': '无'}
2026-02-05 16:23:39,798 - __main__ - DEBUG - 第65行映射结果: {'category': '4.7K', 'type': '贴片电阻', 'model': '4.7kΩ 精度1%', 'package': '0603', 'supplier': '昌鸿微电子', 'quantity': 100, 'unit': '只', 'location': '未知位置', 'price': 0.0, 'buy_time': '2026-02-05', 'channel': '未知', 'remark': '无'}
2026-02-05 16:23:39,798 - __main__ - DEBUG - 第66行映射结果: {'category': 'S9014-GM', 'type': '三极管(BJT)', 'model': '未知型号', 'package': 'SOT-23', 'supplier': 'GMIC(绿微)', 'quantity': 100, 'unit': '个', 'location': '未知位置', 'price': 0.0, 'buy_time': '2026-02-05', 'channel': '未知', 'remark': '无'}
2026-02-05 16:23:39,798 - __main__ - DEBUG - 第67行映射结果: {'category': '1N5819WT', 'type': '肖特基二极管', 'model': '40V 350mA', 'package': 'SOD-523', 'supplier': 'SIkor(萨科微)', 'quantity': 50, 'unit': '个', 'location': '未知位置', 'price': 0.0, 'buy_time': '2026-02-05', 'channel': '未知', 'remark': '无'}
2026-02-05 16:23:39,798 - __main__ - DEBUG - 第68行映射结果: {'category': 'SS8050-GM', 'type': '三极管(BJT)', 'model': '未知型号', 'package': 'SOT-23', 'supplier': 'GMIC(绿微)', 'quantity': 50, 'unit': '个', 'location': '未知位置', 'price': 0.0, 'buy_time': '2026-02-05', 'channel': '未知', 'remark': '无'}
2026-02-05 16:23:39,798 - __main__ - DEBUG - 第69行映射结果: {'category': 'SCR0603F47R', 'type': '贴片电阻', 'model': '47Ω ±1% 100mW 厚膜电阻', 'package': '0603', 'supplier': 'VO(翔胜)', 'quantity': 100, 'unit': '个', 'location': '未知位置', 'price': 0.0, 'buy_time': '2026-02-05', 'channel': '未知', 'remark': '无'}
2026-02-05 16:23:39,799 - __main__ - DEBUG - 第70行映射结果: {'category': 'BAV99,215', 'type': '开关二极管', 'model': '100V 215mA', 'package': 'SOT-23', 'supplier': 'Nexperia(安世)', 'quantity': 20, 'unit': '个', 'location': '未知位置', 'price': 0.0, 'buy_time': '2026-02-05', 'channel': '未知', 'remark': '无'}
2026-02-05 16:23:39,799 - __main__ - DEBUG - 第71行映射结果: {'category': 'AO3400', 'type': '场效应管(MOSFET)', 'model': 'N沟道 耐压30V 电流5.8A', 'package': 'SOT-23', 'supplier': 'GOODWORK', 'quantity': 20, 'unit': '个', 'location': '未知位置', 'price': 0.0, 'buy_time': '2026-02-05', 'channel': '未知', 'remark': '无'}
2026-02-05 16:23:39,799 - __main__ - DEBUG - 第72行映射结果: {'category': 'AO3401', 'type': '场效应管(MOSFET)', 'model': 'P沟道 30V 4.2A', 'package': 'SOT-23', 'supplier': 'Hottech', 'quantity': 20, 'unit': '个', 'location': '未知位置', 'price': 0.0, 'buy_time': '2026-02-05', 'channel': '未知', 'remark': '无'}
2026-02-05 16:23:39,799 - __main__ - DEBUG - 第73行映射结果: {'category': 'RT9013-33GB-MS', 'type': '线性稳压器(LDO)', 'model': '3.3V 500mA 5.5V', 'package': 'SOT-23-5', 'supplier': 'MSKSEMI(美森科)', 'quantity': 10, 'unit': '个', 'location': '未知位置', 'price': 0.0, 'buy_time': '2026-02-05', 'channel': '未知', 'remark': '无'}
2026-02-05 16:23:39,799 - __main__ - DEBUG - 第74行映射结果: {'category': 'CAI0603C0G120J500JT', 'type': '贴片电容(MLCC)', 'model': '12pF ±5% 50V', 'package': '0603', 'supplier': 'HRE(芯声)', 'quantity': 100, 'unit': '个', 'location': '未知位置', 'price': 0.0, 'buy_time': '2026-02-05', 'channel': '未知', 'remark': '无'}
2026-02-05 16:23:39,800 - __main__ - DEBUG - 第75行映射结果: {'category': 'CC0603KRX7R9BB103', 'type': '贴片电容(MLCC)', 'model': '10nF ±10% 50V X7R', 'package': '0603', 'supplier': 'Yageo(国巨)', 'quantity': 100, 'unit': '个', 'location': '未知位置', 'price': 0.0, 'buy_time': '2026-02-05', 'channel': '未知', 'remark': '无'}
2026-02-05 16:23:39,800 - __main__ - DEBUG - 第76行映射结果: {'category': 'TCC0603X5R106K160CT', 'type': '贴片电容(MLCC)', 'model': '10uF ±10% 16V X5R', 'package': '0603', 'supplier': 'CCTO', 'quantity': 50, 'unit': '个', 'location': '未知位置', 'price': 0.0, 'buy_time': '2026-02-05', 'channel': '未知', 'remark': '无'}
2026-02-05 16:23:39,800 - __main__ - DEBUG - 第77行映射结果: {'category': 'CC0603ZRY5V8BB104', 'type': '贴片电容(MLCC)', 'model': '100nF -20~+80% 25V Y5V', 'package': '0603', 'supplier': 'Yageo(国巨)', 'quantity': 50, 'unit': '个', 'location': '未知位置', 'price': 0.0, 'buy_time': '2026-02-05', 'channel': '未知', 'remark': '无'}
2026-02-05 16:23:39,800 - __main__ - INFO - 映射完成，共77条数据
2026-02-05 16:23:39,870 - __main__ - INFO - BOM重复检测完成：共77条，重复0条，新增77条
2026-02-05 16:23:39,871 - werkzeug - INFO - 127.0.0.1 - - [05/Feb/2026 16:23:39] "POST /check_bom_dup HTTP/1.1" 200 -
2026-02-05 16:23:42,108 - __main__ - DEBUG - 第1行映射结果: {'category': '2N3904S-RTK/PS', 'type': '三极管(BJT)', 'model': 'NPN 电流200mA 电压40V', 'package': 'SOT-23', 'supplier': 'KEC', 'quantity': 25, 'unit': '个', 'location': '未知位置', 'price': 0.0708, 'buy_time': '2026-02-05', 'channel': '嘉立创(号0309)', 'remark': '无'}
2026-02-05 16:23:42,108 - __main__ - DEBUG - 第2行映射结果: {'category': 'GS8632-MR', 'type': '运算放大器', 'model': '6MHz 轨到轨I/O输出，CMOS', 'package': 'MSOP-8', 'supplier': 'Gainsil(聚洵)', 'quantity': 5, 'unit': '个', 'location': '未知位置', 'price': 0.9395, 'buy_time': '2026-02-05', 'channel': '嘉立创(号0309)', 'remark': '无'}
2026-02-05 16:23:42,109 - __main__ - DEBUG - 第3行映射结果: {'category': 'XC6206P332MR-G', 'type': '线性稳压器(LDO)', 'model': '3.3V 电流200mA 耐压6V', 'package': 'SOT-23-3L', 'supplier': 'TOREX(特瑞仕)', 'quantity': 5, 'unit': '个', 'location': '未知位置', 'price': 0.6591, 'buy_time': '2026-02-05', 'channel': '嘉立创(号0309)', 'remark': '无'}
2026-02-05 16:23:42,109 - __main__ - DEBUG - 第4行映射结果: {'category': 'GZ1608D102TF', 'type': '磁珠', 'model': '单路 阻抗1kΩ@100MHz', 'package': '0603', 'supplier': 'Sunlord(顺络)', 'quantity': 40, 'unit': '个', 'location': '未知位置', 'price': 0.034, 'buy_time': '2026-02-05', 'channel': '嘉立创(号0309)', 'remark': '无'}
2026-02-05 16:23:42,109 - __main__ - DEBUG - 第5行映射结果: {'category': 'LMV358IDR', 'type': '运算放大器', 'model': 'CMOS，轨到轨通用放大器', 'package': 'SOP-8', 'supplier': 'TECH PUBLIC(台舟)', 'quantity': 5, 'unit': '个', 'location': '未知位置', 'price': 0.7629, 'buy_time': '2026-02-05', 'channel': '嘉立创(号0309)', 'remark': '无'}
2026-02-05 16:23:42,109 - __main__ - DEBUG - 第6行映射结果: {'category': 'XC6206P332MR', 'type': '线性稳压器(LDO)', 'model': '3.3V 耐压6V', 'package': 'SOT-23', 'supplier': 'TECH PUBLIC(台舟)', 'quantity': 50, 'unit': '个', 'location': '未知位置', 'price': 0.0684, 'buy_time': '2026-02-05', 'channel': '嘉立创(号0309)', 'remark': '无'}
2026-02-05 16:23:42,109 - __main__ - DEBUG - 第7行映射结果: {'category': 'SMBJ24CA', 'type': '静电和浪涌保护(TVS/ESD)', 'model': '双向TVS 24V截止 峰值脉冲电流15.4A', 'package': 'DO-214AA(SMB)', 'supplier': 'TECH PUBLIC(台舟)', 'quantity': 10, 'unit': '个', 'location': '未知位置', 'price': 0.1914, 'buy_time': '2026-02-05', 'channel': '嘉立创(号0309)', 'remark': '无'}
2026-02-05 16:23:42,110 - __main__ - DEBUG - 第8行映射结果: {'category': 'PSM712-LF-T7', 'type': '静电和浪涌保护(TVS/ESD)', 'model': 'TVS 12V 7V截止 峰值浪涌电流17A@8/20us', 'package': 'SOT-23', 'supplier': 'TECH PUBLIC(台舟)', 'quantity': 10, 'unit': '个', 'location': '未知位置', 'price': 0.4077, 'buy_time': '2026-02-05', 'channel': '嘉立创(号0309)', 'remark': '无'}
2026-02-05 16:23:42,110 - __main__ - DEBUG - 第9行映射结果: {'category': 'TPRT9013-33GB', 'type': '线性稳压器(LDO)', 'model': '3.3V 电流500mA 耐压7V', 'package': 'SOT-23-5', 'supplier': 'TECH PUBLIC(台舟)', 'quantity': 10, 'unit': '个', 'location': '未知位置', 'price': 0.4531, 'buy_time': '2026-02-05', 'channel': '嘉立创(号0309)', 'remark': '无'}
2026-02-05 16:23:42,110 - __main__ - DEBUG - 第10行映射结果: {'category': 'AZC099-04S', 'type': '静电和浪涌保护(TVS/ESD)', 'model': '5V截止 峰值浪涌电流4.7A@8/20us', 'package': 'SOT-23-6', 'supplier': 'TECH PUBLIC(台舟)', 'quantity': 10, 'unit': '个', 'location': '未知位置', 'price': 0.3529, 'buy_time': '2026-02-05', 'channel': '嘉立创(号0309)', 'remark': '无'}
2026-02-05 16:23:42,110 - __main__ - DEBUG - 第11行映射结果: {'category': 'ZX-XH2.54-3PWT', 'type': '线对板针座', 'model': '1x3P 间距2.5mm 卧贴 XH系列', 'package': 'SMD,P=2.5mm', 'supplier': 'Megastar(兆星)', 'quantity': 5, 'unit': '个', 'location': '未知位置', 'price': 0.354255, 'buy_time': '2026-02-05', 'channel': '嘉立创(号0309)', 'remark': '无'}
2026-02-05 16:23:42,111 - __main__ - DEBUG - 第12行映射结果: {'category': 'ZX-DGRC-5.08-3P', 'type': '插拔式接线端子', 'model': '1x3P 间距5.08mm 排数1 每排3P', 'package': '弯插,P=5.08mm', 'supplier': 'Megastar(兆星)', 'quantity': 5, 'unit': '个', 'location': '未知位置', 'price': 0.33896, 'buy_time': '2026-02-05', 'channel': '嘉立创(号0309)', 'remark': '无'}
2026-02-05 16:23:42,111 - __main__ - DEBUG - 第13行映射结果: {'category': 'ZX-PM2.54-1-16PY', 'type': '排母', 'model': '1x16P 间距2.54mm 直插', 'package': '插件,P=2.54mm', 'supplier': 'Megastar(兆星)', 'quantity': 5, 'unit': '个', 'location': '未知位置', 'price': 1.21068, 'buy_time': '2026-02-05', 'channel': '嘉立创(号0309)', 'remark': '无'}
2026-02-05 16:23:42,111 - __main__ - DEBUG - 第14行映射结果: {'category': 'ZX-0.5FPC-2H-QFX8P', 'type': 'FFC/FPC连接器', 'model': '翻盖式下接 8P 间距0.5mm', 'package': 'SMD,P=0.5mm', 'supplier': 'Megastar(兆星)', 'quantity': 10, 'unit': '个', 'location': '未知位置', 'price': 0.48469, 'buy_time': '2026-02-05', 'channel': '嘉立创(号0309)', 'remark': '无'}
2026-02-05 16:23:42,111 - __main__ - DEBUG - 第15行映射结果: {'category': 'ZX-MX1.25-2PLT', 'type': '线对板针座', 'model': '1x2P 间距1.25mm 立贴 MX1.25系列', 'package': 'SMD,P=1.25mm', 'supplier': 'Megastar(兆星)', 'quantity': 10, 'unit': '个', 'location': '未知位置', 'price': 0.195985, 'buy_time': '2026-02-05', 'channel': '嘉立创(号0309)', 'remark': '无'}
2026-02-05 16:23:42,111 - __main__ - DEBUG - 第16行映射结果: {'category': 'SS8050', 'type': '三极管(BJT)', 'model': 'NPN 电流1.5A 电压25V', 'package': 'SOT-23', 'supplier': 'UMW(友台半导体)', 'quantity': 50, 'unit': '个', 'location': '未知位置', 'price': 0.0777, 'buy_time': '2026-02-05', 'channel': '嘉立创(号0309)', 'remark': '无'}
2026-02-05 16:23:42,111 - __main__ - DEBUG - 第17行映射结果: {'category': 'AD8542ARUZ(UMW)', 'type': '运算放大器', 'model': '1.1MHz、85μA、CMOS、轨到轨输入输出', 'package': 'TSSOP-8', 'supplier': 'UMW(友台半导体)', 'quantity': 5, 'unit': '个', 'location': '未知位置', 'price': 0.6303, 'buy_time': '2026-02-05', 'channel': '嘉立创(号0309)', 'remark': '无'}
2026-02-05 16:23:42,112 - __main__ - DEBUG - 第18行映射结果: {'category': 'AMS1117-3.3', 'type': '线性稳压器(LDO)', 'model': '3.3V 电流1A 耐压12V', 'package': 'SOT-223', 'supplier': 'UMW(友台半导体)', 'quantity': 20, 'unit': '个', 'location': '未知位置', 'price': 0.2278, 'buy_time': '2026-02-05', 'channel': '嘉立创(号0309)', 'remark': '无'}
2026-02-05 16:23:42,112 - __main__ - DEBUG - 第19行映射结果: {'category': 'SN74LVC1G3157DCKR', 'type': '模拟开关/多路复用器', 'model': 'UMW SN74LVC1G3157 二选一模拟开关电路', 'package': 'SC-70-6', 'supplier': 'UMW(友台半导体)', 'quantity': 20, 'unit': '个', 'location': '未知位置', 'price': 0.2286, 'buy_time': '2026-02-05', 'channel': '嘉立创(号0309)', 'remark': '无'}
2026-02-05 16:23:42,112 - __main__ - DEBUG - 第20行映射结果: {'category': 'BX-FFC0.5-T-10048-4P', 'type': 'FFC连接线(柔性扁平线缆)', 'model': 'FFC排线0.5mm 4P总长100mm 同向 金手指4p', 'package': 'P=0.5mm', 'supplier': 'Bossie(博锡)', 'quantity': 5, 'unit': '个', 'location': '未知位置', 'price': 0.42066, 'buy_time': '2026-02-05', 'channel': '嘉立创(号0309)', 'remark': '无'}
2026-02-05 16:23:42,112 - __main__ - DEBUG - 第21行映射结果: {'category': 'BX-PM2.54-1-6PY', 'type': '排母', 'model': '1x6P 间距2.54mm 直插', 'package': '插件,P=2.54mm', 'supplier': 'Bossie(博锡)', 'quantity': 5, 'unit': '个', 'location': '未知位置', 'price': 0.704235, 'buy_time': '2026-02-05', 'channel': '嘉立创(号0309)', 'remark': '无'}
2026-02-05 16:23:42,112 - __main__ - DEBUG - 第22行映射结果: {'category': 'BX-XH2.54-4PZZ', 'type': '线对板针座', 'model': '1x4P 间距2.5mm 直插 XH系列', 'package': '插件,P=2.5mm', 'supplier': 'Bossie(博锡)', 'quantity': 20, 'unit': '个', 'location': '未知位置', 'price': 0.11457, 'buy_time': '2026-02-05', 'channel': '嘉立创(号0309)', 'remark': '无'}
2026-02-05 16:23:42,112 - __main__ - DEBUG - 第23行映射结果: {'category': 'BX-PH2.0-2PZZ', 'type': '线对板针座', 'model': '1x2P 间距2mm 直插 PH系列', 'package': '插件,P=2mm', 'supplier': 'Bossie(博锡)', 'quantity': 50, 'unit': '个', 'location': '未知位置', 'price': 0.05054, 'buy_time': '2026-02-05', 'channel': '嘉立创(号0309)', 'remark': '无'}
2026-02-05 16:23:42,113 - __main__ - DEBUG - 第24行映射结果: {'category': 'BX-XH2.54-2PZZ', 'type': '线对板针座', 'model': '1x2P 间距2.5mm 直插 XH系列', 'package': '插件,P=2.5mm', 'supplier': 'Bossie(博锡)', 'quantity': 50, 'unit': '个', 'location': '未知位置', 'price': 0.063935, 'buy_time': '2026-02-05', 'channel': '嘉立创(号0309)', 'remark': '无'}
2026-02-05 16:23:42,113 - __main__ - DEBUG - 第25行映射结果: {'category': 'BX-PH2.0-6PZZ', 'type': '线对板针座', 'model': '1x6P 间距2mm 直插 PH系列', 'package': '插件,P=2mm', 'supplier': 'Bossie(博锡)', 'quantity': 20, 'unit': '个', 'location': '未知位置', 'price': 0.12597, 'buy_time': '2026-02-05', 'channel': '嘉立创(号0309)', 'remark': '无'}
2026-02-05 16:23:42,113 - __main__ - DEBUG - 第26行映射结果: {'category': 'SOD4007', 'type': '通用二极管', 'model': '1kV 电流1A', 'package': 'SOD-123FL', 'supplier': 'MDD(辰达半导体)', 'quantity': 50, 'unit': '个', 'location': '未知位置', 'price': 0.048192, 'buy_time': '2026-02-05', 'channel': '嘉立创(号0309)', 'remark': '无'}
2026-02-05 16:23:42,113 - __main__ - DEBUG - 第27行映射结果: {'category': 'MMBT3904-E', 'type': '三极管(BJT)', 'model': 'hFE:100-300 NPN 电流200mA 电压40V', 'package': 'SOT-23', 'supplier': 'MDD(辰达半导体)', 'quantity': 20, 'unit': '个', 'location': '未知位置', 'price': 0.040704, 'buy_time': '2026-02-05', 'channel': '嘉立创(号0309)', 'remark': '无'}
2026-02-05 16:23:42,113 - __main__ - DEBUG - 第28行映射结果: {'category': 'SS8550', 'type': '三极管(BJT)', 'model': 'H档200-350 PNP 电流1.5A 电压25V', 'package': 'SOT-23', 'supplier': 'MDD(辰达半导体)', 'quantity': 50, 'unit': '个', 'location': '未知位置', 'price': 0.078144, 'buy_time': '2026-02-05', 'channel': '嘉立创(号0309)', 'remark': '无'}
2026-02-05 16:23:42,113 - __main__ - DEBUG - 第29行映射结果: {'category': 'S8050', 'type': '三极管(BJT)', 'model': 'hFE:200-350 NPN 电流500mA 电压25V', 'package': 'SOT-23', 'supplier': 'MDD(辰达半导体)', 'quantity': 50, 'unit': '个', 'location': '未知位置', 'price': 0.0649, 'buy_time': '2026-02-05', 'channel': '嘉立创(号0309)', 'remark': '无'}
2026-02-05 16:23:42,113 - __main__ - DEBUG - 第30行映射结果: {'category': '1N4148WS-E', 'type': '开关二极管', 'model': '开关二极管', 'package': 'SOD-323', 'supplier': 'MDD(辰达半导体)', 'quantity': 50, 'unit': '个', 'location': '未知位置', 'price': 0.040704, 'buy_time': '2026-02-05', 'channel': '嘉立创(号0309)', 'remark': '无'}
2026-02-05 16:23:42,114 - __main__ - DEBUG - 第31行映射结果: {'category': '1N5819', 'type': '肖特基二极管', 'model': '电压40V 电流1A', 'package': 'DO-41', 'supplier': 'MDD(辰达半导体)', 'quantity': 20, 'unit': '个', 'location': '未知位置', 'price': 0.199104, 'buy_time': '2026-02-05', 'channel': '嘉立创(号0309)', 'remark': '无'}
2026-02-05 16:23:42,114 - __main__ - DEBUG - 第32行映射结果: {'category': 'XZLEL89CSI-KPIYLC-8M', 'type': '无源晶振', 'model': 'YSX321SL 8MHZ 4P 3225 20PF ±10PPM -40~85℃', 'package': 'SMD3225-4P', 'supplier': 'YXC(扬兴晶振)', 'quantity': 5, 'unit': '个', 'location': '未知位置', 'price': 0.7031, 'buy_time': '2026-02-05', 'channel': '嘉立创(号0309)', 'remark': '无'}
2026-02-05 16:23:42,114 - __main__ - DEBUG - 第33行映射结果: {'category': 'X322512MSB4SI', 'type': '无源晶振', 'model': 'YSX321SL 12MHZ 4P 3225 20PF ±10PPM -40~85℃', 'package': 'SMD3225-4P', 'supplier': 'YXC(扬兴晶振)', 'quantity': 10, 'unit': '个', 'location': '未知位置', 'price': 0.4342, 'buy_time': '2026-02-05', 'channel': '嘉立创(号0309)', 'remark': '无'}
2026-02-05 16:23:42,114 - __main__ - DEBUG - 第34行映射结果: {'category': 'X322532MOB4SI', 'type': '无源晶振', 'model': 'YSX321SL 32MHZ 4P 3225 12PF ±10PPM -40~85℃', 'package': 'SMD3225-4P', 'supplier': 'YXC(扬兴晶振)', 'quantity': 20, 'unit': '个', 'location': '未知位置', 'price': 0.4384, 'buy_time': '2026-02-05', 'channel': '嘉立创(号0309)', 'remark': '无'}
2026-02-05 16:23:42,114 - __main__ - DEBUG - 第35行映射结果: {'category': 'TP4057', 'type': '电池管理', 'model': '500mA线性锂离子电池充电器', 'package': 'SOT-23-6', 'supplier': 'UMW(友台半导体)', 'quantity': 40, 'unit': '个', 'location': '未知位置', 'price': 0.2113, 'buy_time': '2026-02-05', 'channel': '嘉立创(号0309)', 'remark': '无'}
2026-02-05 16:23:42,114 - __main__ - DEBUG - 第36行映射结果: {'category': 'AO3400A', 'type': '场效应管(MOSFET)', 'model': '1个N沟道 耐压30V 电流5.8A', 'package': 'SOT-23', 'supplier': 'UMW(友台半导体)', 'quantity': 20, 'unit': '个', 'location': '未知位置', 'price': 0.1936, 'buy_time': '2026-02-05', 'channel': '嘉立创(号0309)', 'remark': '无'}
2026-02-05 16:23:42,114 - __main__ - DEBUG - 第37行映射结果: {'category': 'AO3401A', 'type': '场效应管(MOSFET)', 'model': '1个P沟道 耐压30V 电流4.2A', 'package': 'SOT-23', 'supplier': 'UMW(友台半导体)', 'quantity': 20, 'unit': '个', 'location': '未知位置', 'price': 0.1911, 'buy_time': '2026-02-05', 'channel': '嘉立创(号0309)', 'remark': '无'}
2026-02-05 16:23:42,114 - __main__ - DEBUG - 第38行映射结果: {'category': 'YR-SX-20', 'type': '助焊剂/助焊膏', 'model': '亚润松香助焊剂 纯度高电焊松香', 'package': '-', 'supplier': 'YARUN(亚润)', 'quantity': 1, 'unit': '个', 'location': '未知位置', 'price': 1.75, 'buy_time': '2026-02-05', 'channel': '嘉立创(号0309)', 'remark': '无'}
2026-02-05 16:23:42,115 - __main__ - DEBUG - 第39行映射结果: {'category': 'Sn63Pb37 0.6mm 40g', 'type': '锡丝/锡线', 'model': '永佳润 高纯度体验版 焊锡丝0.6mm/40G', 'package': '-', 'supplier': 'YJR(永佳润)', 'quantity': 1, 'unit': '卷', 'location': '未知位置', 'price': 14.0, 'buy_time': '2026-02-05', 'channel': '嘉立创(号0309)', 'remark': '无'}
2026-02-05 16:23:42,115 - __main__ - DEBUG - 第40行映射结果: {'category': 'Sn63Pb37 1.2mm 40g', 'type': '锡丝/锡线', 'model': '永佳润 高纯度体验版 焊锡丝1.2mm/40G', 'package': '-', 'supplier': 'YJR(永佳润)', 'quantity': 1, 'unit': '卷', 'location': '未知位置', 'price': 10.94, 'buy_time': '2026-02-05', 'channel': '嘉立创(号0309)', 'remark': '无'}
2026-02-05 16:23:42,115 - __main__ - DEBUG - 第41行映射结果: {'category': 'F0501-T-10-20T-R', 'type': 'FFC/FPC连接器', 'model': '抽屉式 上接 P数10P 间距0.5mm', 'package': 'SMD,P=0.5mm', 'supplier': 'XFCN(兴飞)', 'quantity': 10, 'unit': '个', 'location': '未知位置', 'price': 0.0, 'buy_time': '2026-02-05', 'channel': '嘉立创(号0309)', 'remark': '无'}
2026-02-05 16:23:42,115 - __main__ - DEBUG - 第42行映射结果: {'category': 'PM254V-11-16-H85', 'type': '排母', 'model': '1x16P 间距2.54mm 直插 托盘', 'package': '插件,P=2.54mm', 'supplier': 'XFCN(兴飞)', 'quantity': 5, 'unit': '个', 'location': '未知位置', 'price': 0.0, 'buy_time': '2026-02-05', 'channel': '嘉立创(号0309)', 'remark': '无'}
2026-02-05 16:23:42,115 - __main__ - DEBUG - 第43行映射结果: {'category': 'XF7126', 'type': '电子线', 'model': 'UL1007/22 红色 L=100 双端上锡 3.0MM 袋装', 'package': '-', 'supplier': 'XFCN(兴飞)', 'quantity': 20, 'unit': '个', 'location': '未知位置', 'price': 0.0, 'buy_time': '2026-02-05', 'channel': '嘉立创(号0309)', 'remark': '无'}
2026-02-05 16:23:42,115 - __main__ - DEBUG - 第44行映射结果: {'category': 'XF7129', 'type': '电子线', 'model': 'UL1007/22 黑色 L=100 双端上锡 3.0MM 袋装', 'package': '-', 'supplier': 'XFCN(兴飞)', 'quantity': 20, 'unit': '个', 'location': '未知位置', 'price': 0.0, 'buy_time': '2026-02-05', 'channel': '嘉立创(号0309)', 'remark': '无'}
2026-02-05 16:23:42,115 - __main__ - DEBUG - 第45行映射结果: {'category': 'XF7127', 'type': '电子线', 'model': 'UL1007/22 白色 L=100 双端上锡 3.0MM 袋装', 'package': '-', 'supplier': 'XFCN(兴飞)', 'quantity': 20, 'unit': '个', 'location': '未知位置', 'price': 0.0, 'buy_time': '2026-02-05', 'channel': '嘉立创(号0309)', 'remark': '无'}
2026-02-05 16:23:42,115 - __main__ - DEBUG - 第46行映射结果: {'category': 'XF7128', 'type': '电子线', 'model': 'UL1007/22 黄色 L=100 双端上锡 3.0MM 袋装', 'package': '-', 'supplier': 'XFCN(兴飞)', 'quantity': 20, 'unit': '个', 'location': '未知位置', 'price': 0.0, 'buy_time': '2026-02-05', 'channel': '嘉立创(号0309)', 'remark': '无'}
2026-02-05 16:23:42,116 - __main__ - DEBUG - 第47行映射结果: {'category': 'XF7130', 'type': '电子线', 'model': 'UL1007/22 蓝色 L=100 双端上锡 3.0MM 袋装', 'package': '-', 'supplier': 'XFCN(兴飞)', 'quantity': 20, 'unit': '个', 'location': '未知位置', 'price': 0.0, 'buy_time': '2026-02-05', 'channel': '嘉立创(号0309)', 'remark': '无'}
2026-02-05 16:23:42,116 - __main__ - DEBUG - 第48行映射结果: {'category': '4.7R', 'type': '贴片电阻', 'model': '4.7Ω 精度1%', 'package': '0603', 'supplier': '未知供应商', 'quantity': 100, 'unit': '只', 'location': '未知位置', 'price': 0.0, 'buy_time': '2026-02-05', 'channel': '未知', 'remark': '无'}
2026-02-05 16:23:42,116 - __main__ - DEBUG - 第49行映射结果: {'category': 'FRC0603F5101TS', 'type': '贴片电阻', 'model': '5.1kΩ ±1% 100mW 厚膜电阻', 'package': '0603', 'supplier': 'FOJAN(富捷)', 'quantity': 100, 'unit': '个', 'location': '未知位置', 'price': 0.0, 'buy_time': '2026-02-05', 'channel': '未知', 'remark': '无'}
2026-02-05 16:23:42,116 - __main__ - DEBUG - 第50行映射结果: {'category': 'FRC0603F2200TS', 'type': '贴片电阻', 'model': '220Ω ±1% 100mW 厚膜电阻', 'package': '0603', 'supplier': 'FOJAN(富捷)', 'quantity': 100, 'unit': '个', 'location': '未知位置', 'price': 0.0, 'buy_time': '2026-02-05', 'channel': '未知', 'remark': '无'}
2026-02-05 16:23:42,116 - __main__ - DEBUG - 第51行映射结果: {'category': 'FRC0603J101TS', 'type': '贴片电阻', 'model': '100Ω ±5% 100mW 厚膜电阻', 'package': '0603', 'supplier': 'FOJAN(富捷)', 'quantity': 100, 'unit': '个', 'location': '未知位置', 'price': 0.0, 'buy_time': '2026-02-05', 'channel': '未知', 'remark': '无'}
2026-02-05 16:23:42,117 - __main__ - DEBUG - 第52行映射结果: {'category': 'GR2512J360RT4G00', 'type': '贴片电阻', 'model': '360Ω ±5%', 'package': '2512', 'supplier': 'GiantOhm(鼎声微电)', 'quantity': 50, 'unit': '个', 'location': '未知位置', 'price': 0.0, 'buy_time': '2026-02-05', 'channel': '未知', 'remark': '无'}
2026-02-05 16:23:42,117 - __main__ - DEBUG - 第53行映射结果: {'category': 'FRC0603F6203TS', 'type': '贴片电阻', 'model': '620kΩ ±1% 100mW 厚膜电阻', 'package': '0603', 'supplier': 'FOJAN(富捷)', 'quantity': 100, 'unit': '个', 'location': '未知位置', 'price': 0.0, 'buy_time': '2026-02-05', 'channel': '未知', 'remark': '无'}
2026-02-05 16:23:42,117 - __main__ - DEBUG - 第54行映射结果: {'category': 'FRC0603F2403TS', 'type': '贴片电阻', 'model': '240kΩ ±1% 100mW 厚膜电阻', 'package': '0603', 'supplier': 'FOJAN(富捷)', 'quantity': 100, 'unit': '个', 'location': '未知位置', 'price': 0.0, 'buy_time': '2026-02-05', 'channel': '未知', 'remark': '无'}
2026-02-05 16:23:42,117 - __main__ - DEBUG - 第55行映射结果: {'category': 'RCA032KFLF', 'type': '贴片电阻', 'model': '2kΩ ±1% 100mW', 'package': '0603', 'supplier': 'HKR(香港电阻)', 'quantity': 100, 'unit': '个', 'location': '未知位置', 'price': 0.0, 'buy_time': '2026-02-05', 'channel': '未知', 'remark': '无'}
2026-02-05 16:23:42,117 - __main__ - DEBUG - 第56行映射结果: {'category': 'FRC0603F27R0TS', 'type': '贴片电阻', 'model': '27Ω ±1% 100mW 厚膜电阻', 'package': '0603', 'supplier': 'FOJAN(富捷)', 'quantity': 100, 'unit': '个', 'location': '未知位置', 'price': 0.0, 'buy_time': '2026-02-05', 'channel': '未知', 'remark': '无'}
2026-02-05 16:23:42,117 - __main__ - DEBUG - 第57行映射结果: {'category': 'GR1206J40390G', 'type': '贴片电阻', 'model': '39Ω ±5% 1/4W ±200ppm/℃', 'package': '1206', 'supplier': 'LIZ', 'quantity': 100, 'unit': '个', 'location': '未知位置', 'price': 0.0, 'buy_time': '2026-02-05', 'channel': '未知', 'remark': '无'}
2026-02-05 16:23:42,118 - __main__ - DEBUG - 第58行映射结果: {'category': 'SR0603FR-7T1RL', 'type': '贴片电阻', 'model': '1Ω ±1% 1/4W ±200ppm/℃', 'package': '0603', 'supplier': 'Yageo(国巨)', 'quantity': 20, 'unit': '个', 'location': '未知位置', 'price': 0.0, 'buy_time': '2026-02-05', 'channel': '未知', 'remark': '无'}
2026-02-05 16:23:42,118 - __main__ - DEBUG - 第59行映射结果: {'category': 'CR0603JA0152G', 'type': '贴片电阻', 'model': '1.5kΩ ±5% 1/10W ±200ppm/℃', 'package': '0603', 'supplier': 'LIZ', 'quantity': 50, 'unit': '个', 'location': '未知位置', 'price': 0.0, 'buy_time': '2026-02-05', 'channel': '未知', 'remark': '无'}
2026-02-05 16:23:42,118 - __main__ - DEBUG - 第60行映射结果: {'category': 'CR0603JA0100G', 'type': '贴片电阻', 'model': '10Ω ±5% 1/10W ±200ppm/℃', 'package': '0603', 'supplier': 'LIZ', 'quantity': 100, 'unit': '个', 'location': '未知位置', 'price': 0.0, 'buy_time': '2026-02-05', 'channel': '未知', 'remark': '无'}
2026-02-05 16:23:42,118 - __main__ - DEBUG - 第61行映射结果: {'category': 'SCR0603J1K', 'type': '贴片电阻', 'model': '1kΩ ±5% 100mW ±200ppm/℃', 'package': '0603', 'supplier': 'Vico', 'quantity': 50, 'unit': '个', 'location': '未知位置', 'price': 0.0, 'buy_time': '2026-02-05', 'channel': '未知', 'remark': '无'}
2026-02-05 16:23:42,118 - __main__ - DEBUG - 第62行映射结果: {'category': 'SCR0603FR500', 'type': '贴片电阻', 'model': '500mΩ ±1% 100mW', 'package': '0603', 'supplier': 'VO(翔胜)', 'quantity': 100, 'unit': '个', 'location': '未知位置', 'price': 0.0, 'buy_time': '2026-02-05', 'channel': '未知', 'remark': '无'}
2026-02-05 16:23:42,118 - __main__ - DEBUG - 第63行映射结果: {'category': 'FRC0603J103TS', 'type': '贴片电阻', 'model': '10kΩ ±5% 100mW 厚膜电阻', 'package': '0603', 'supplier': 'FOJAN(富捷)', 'quantity': 100, 'unit': '个', 'location': '未知位置', 'price': 0.0, 'buy_time': '2026-02-05', 'channel': '未知', 'remark': '无'}
2026-02-05 16:23:42,118 - __main__ - DEBUG - 第64行映射结果: {'category': 'CR0603FA1802G', 'type': '贴片电阻', 'model': '18kΩ ±1% 1/10W ±100ppm/℃', 'package': '0603', 'supplier': 'LIZ', 'quantity': 100, 'unit': '个', 'location': '未知位置', 'price': 0.0, 'buy_time': '2026-02-05', 'channel': '未知', 'remark': '无'}
2026-02-05 16:23:42,118 - __main__ - DEBUG - 第65行映射结果: {'category': '4.7K', 'type': '贴片电阻', 'model': '4.7kΩ 精度1%', 'package': '0603', 'supplier': '昌鸿微电子', 'quantity': 100, 'unit': '只', 'location': '未知位置', 'price': 0.0, 'buy_time': '2026-02-05', 'channel': '未知', 'remark': '无'}
2026-02-05 16:23:42,119 - __main__ - DEBUG - 第66行映射结果: {'category': 'S9014-GM', 'type': '三极管(BJT)', 'model': '未知型号', 'package': 'SOT-23', 'supplier': 'GMIC(绿微)', 'quantity': 100, 'unit': '个', 'location': '未知位置', 'price': 0.0, 'buy_time': '2026-02-05', 'channel': '未知', 'remark': '无'}
2026-02-05 16:23:42,119 - __main__ - DEBUG - 第67行映射结果: {'category': '1N5819WT', 'type': '肖特基二极管', 'model': '40V 350mA', 'package': 'SOD-523', 'supplier': 'SIkor(萨科微)', 'quantity': 50, 'unit': '个', 'location': '未知位置', 'price': 0.0, 'buy_time': '2026-02-05', 'channel': '未知', 'remark': '无'}
2026-02-05 16:23:42,119 - __main__ - DEBUG - 第68行映射结果: {'category': 'SS8050-GM', 'type': '三极管(BJT)', 'model': '未知型号', 'package': 'SOT-23', 'supplier': 'GMIC(绿微)', 'quantity': 50, 'unit': '个', 'location': '未知位置', 'price': 0.0, 'buy_time': '2026-02-05', 'channel': '未知', 'remark': '无'}
2026-02-05 16:23:42,119 - __main__ - DEBUG - 第69行映射结果: {'category': 'SCR0603F47R', 'type': '贴片电阻', 'model': '47Ω ±1% 100mW 厚膜电阻', 'package': '0603', 'supplier': 'VO(翔胜)', 'quantity': 100, 'unit': '个', 'location': '未知位置', 'price': 0.0, 'buy_time': '2026-02-05', 'channel': '未知', 'remark': '无'}
2026-02-05 16:23:42,119 - __main__ - DEBUG - 第70行映射结果: {'category': 'BAV99,215', 'type': '开关二极管', 'model': '100V 215mA', 'package': 'SOT-23', 'supplier': 'Nexperia(安世)', 'quantity': 20, 'unit': '个', 'location': '未知位置', 'price': 0.0, 'buy_time': '2026-02-05', 'channel': '未知', 'remark': '无'}
2026-02-05 16:23:42,119 - __main__ - DEBUG - 第71行映射结果: {'category': 'AO3400', 'type': '场效应管(MOSFET)', 'model': 'N沟道 耐压30V 电流5.8A', 'package': 'SOT-23', 'supplier': 'GOODWORK', 'quantity': 20, 'unit': '个', 'location': '未知位置', 'price': 0.0, 'buy_time': '2026-02-05', 'channel': '未知', 'remark': '无'}
2026-02-05 16:23:42,119 - __main__ - DEBUG - 第72行映射结果: {'category': 'AO3401', 'type': '场效应管(MOSFET)', 'model': 'P沟道 30V 4.2A', 'package': 'SOT-23', 'supplier': 'Hottech', 'quantity': 20, 'unit': '个', 'location': '未知位置', 'price': 0.0, 'buy_time': '2026-02-05', 'channel': '未知', 'remark': '无'}
2026-02-05 16:23:42,119 - __main__ - DEBUG - 第73行映射结果: {'category': 'RT9013-33GB-MS', 'type': '线性稳压器(LDO)', 'model': '3.3V 500mA 5.5V', 'package': 'SOT-23-5', 'supplier': 'MSKSEMI(美森科)', 'quantity': 10, 'unit': '个', 'location': '未知位置', 'price': 0.0, 'buy_time': '2026-02-05', 'channel': '未知', 'remark': '无'}
2026-02-05 16:23:42,120 - __main__ - DEBUG - 第74行映射结果: {'category': 'CAI0603C0G120J500JT', 'type': '贴片电容(MLCC)', 'model': '12pF ±5% 50V', 'package': '0603', 'supplier': 'HRE(芯声)', 'quantity': 100, 'unit': '个', 'location': '未知位置', 'price': 0.0, 'buy_time': '2026-02-05', 'channel': '未知', 'remark': '无'}
2026-02-05 16:23:42,120 - __main__ - DEBUG - 第75行映射结果: {'category': 'CC0603KRX7R9BB103', 'type': '贴片电容(MLCC)', 'model': '10nF ±10% 50V X7R', 'package': '0603', 'supplier': 'Yageo(国巨)', 'quantity': 100, 'unit': '个', 'location': '未知位置', 'price': 0.0, 'buy_time': '2026-02-05', 'channel': '未知', 'remark': '无'}
2026-02-05 16:23:42,120 - __main__ - DEBUG - 第76行映射结果: {'category': 'TCC0603X5R106K160CT', 'type': '贴片电容(MLCC)', 'model': '10uF ±10% 16V X5R', 'package': '0603', 'supplier': 'CCTO', 'quantity': 50, 'unit': '个', 'location': '未知位置', 'price': 0.0, 'buy_time': '2026-02-05', 'channel': '未知', 'remark': '无'}
2026-02-05 16:23:42,120 - __main__ - DEBUG - 第77行映射结果: {'category': 'CC0603ZRY5V8BB104', 'type': '贴片电容(MLCC)', 'model': '100nF -20~+80% 25V Y5V', 'package': '0603', 'supplier': 'Yageo(国巨)', 'quantity': 50, 'unit': '个', 'location': '未知位置', 'price': 0.0, 'buy_time': '2026-02-05', 'channel': '未知', 'remark': '无'}
2026-02-05 16:23:42,120 - __main__ - INFO - 映射完成，共77条数据
2026-02-05 16:23:42,266 - __main__ - INFO - 二维码生成成功：static/qrcode/QR_77_100nF -20~+80% 25V Y5V_20260205162342.png
2026-02-05 16:23:42,314 - __main__ - INFO - 二维码生成成功：static/qrcode/QR_76_10uF ±10% 16V X5R_20260205162342.png
2026-02-05 16:23:42,361 - __main__ - INFO - 二维码生成成功：static/qrcode/QR_75_10nF ±10% 50V X7R_20260205162342.png
2026-02-05 16:23:42,410 - __main__ - INFO - 二维码生成成功：static/qrcode/QR_74_12pF ±5% 50V_20260205162342.png
2026-02-05 16:23:42,457 - __main__ - INFO - 二维码生成成功：static/qrcode/QR_73_3.3V 500mA 5.5V_20260205162342.png
2026-02-05 16:23:42,507 - __main__ - INFO - 二维码生成成功：static/qrcode/QR_72_P沟道 30V 4.2A_20260205162342.png
2026-02-05 16:23:42,557 - __main__ - INFO - 二维码生成成功：static/qrcode/QR_71_N沟道 耐压30V 电流5.8A_20260205162342.png
2026-02-05 16:23:42,603 - __main__ - INFO - 二维码生成成功：static/qrcode/QR_70_100V 215mA_20260205162342.png
2026-02-05 16:23:42,648 - __main__ - INFO - 二维码生成成功：static/qrcode/QR_69_47Ω ±1% 100mW 厚膜电阻_20260205162342.png
2026-02-05 16:23:42,695 - __main__ - INFO - 二维码生成成功：static/qrcode/QR_68_未知型号_20260205162342.png
2026-02-05 16:23:42,741 - __main__ - INFO - 二维码生成成功：static/qrcode/QR_67_40V 350mA_20260205162342.png
2026-02-05 16:23:42,786 - __main__ - INFO - 二维码生成成功：static/qrcode/QR_66_未知型号_20260205162342.png
2026-02-05 16:23:42,827 - __main__ - INFO - 二维码生成成功：static/qrcode/QR_65_4.7kΩ 精度1%_20260205162342.png
2026-02-05 16:23:42,873 - __main__ - INFO - 二维码生成成功：static/qrcode/QR_64_18kΩ ±1% 1_10W ±100ppm_℃_20260205162342.png
2026-02-05 16:23:42,918 - __main__ - INFO - 二维码生成成功：static/qrcode/QR_63_10kΩ ±5% 100mW 厚膜电阻_20260205162342.png
2026-02-05 16:23:42,961 - __main__ - INFO - 二维码生成成功：static/qrcode/QR_62_500mΩ ±1% 100mW_20260205162342.png
2026-02-05 16:23:43,006 - __main__ - INFO - 二维码生成成功：static/qrcode/QR_61_1kΩ ±5% 100mW ±200ppm_℃_20260205162342.png
2026-02-05 16:23:43,051 - __main__ - INFO - 二维码生成成功：static/qrcode/QR_60_10Ω ±5% 1_10W ±200ppm_℃_20260205162343.png
2026-02-05 16:23:43,096 - __main__ - INFO - 二维码生成成功：static/qrcode/QR_59_1.5kΩ ±5% 1_10W ±200ppm_℃_20260205162343.png
2026-02-05 16:23:43,140 - __main__ - INFO - 二维码生成成功：static/qrcode/QR_58_1Ω ±1% 1_4W ±200ppm_℃_20260205162343.png
2026-02-05 16:23:43,185 - __main__ - INFO - 二维码生成成功：static/qrcode/QR_57_39Ω ±5% 1_4W ±200ppm_℃_20260205162343.png
2026-02-05 16:23:43,233 - __main__ - INFO - 二维码生成成功：static/qrcode/QR_56_27Ω ±1% 100mW 厚膜电阻_20260205162343.png
2026-02-05 16:23:43,279 - __main__ - INFO - 二维码生成成功：static/qrcode/QR_55_2kΩ ±1% 100mW_20260205162343.png
2026-02-05 16:23:43,326 - __main__ - INFO - 二维码生成成功：static/qrcode/QR_54_240kΩ ±1% 100mW 厚膜电阻_20260205162343.png
2026-02-05 16:23:43,374 - __main__ - INFO - 二维码生成成功：static/qrcode/QR_53_620kΩ ±1% 100mW 厚膜电阻_20260205162343.png
2026-02-05 16:23:43,420 - __main__ - INFO - 二维码生成成功：static/qrcode/QR_52_360Ω ±5%_20260205162343.png
2026-02-05 16:23:43,465 - __main__ - INFO - 二维码生成成功：static/qrcode/QR_51_100Ω ±5% 100mW 厚膜电阻_20260205162343.png
2026-02-05 16:23:43,521 - __main__ - INFO - 二维码生成成功：static/qrcode/QR_50_220Ω ±1% 100mW 厚膜电阻_20260205162343.png
2026-02-05 16:23:43,574 - __main__ - INFO - 二维码生成成功：static/qrcode/QR_49_5.1kΩ ±1% 100mW 厚膜电阻_20260205162343.png
2026-02-05 16:23:43,617 - __main__ - INFO - 二维码生成成功：static/qrcode/QR_48_4.7Ω 精度1%_20260205162343.png
2026-02-05 16:23:43,667 - __main__ - INFO - 二维码生成成功：static/qrcode/QR_47_UL1007_22 蓝色 L=100 双端上锡 3.0MM 袋装_20260205162343.png
2026-02-05 16:23:43,720 - __main__ - INFO - 二维码生成成功：static/qrcode/QR_46_UL1007_22 黄色 L=100 双端上锡 3.0MM 袋装_20260205162343.png
2026-02-05 16:23:43,775 - __main__ - INFO - 二维码生成成功：static/qrcode/QR_45_UL1007_22 白色 L=100 双端上锡 3.0MM 袋装_20260205162343.png
2026-02-05 16:23:43,839 - __main__ - INFO - 二维码生成成功：static/qrcode/QR_44_UL1007_22 黑色 L=100 双端上锡 3.0MM 袋装_20260205162343.png
2026-02-05 16:23:43,894 - __main__ - INFO - 二维码生成成功：static/qrcode/QR_43_UL1007_22 红色 L=100 双端上锡 3.0MM 袋装_20260205162343.png
2026-02-05 16:23:43,950 - __main__ - INFO - 二维码生成成功：static/qrcode/QR_42_1x16P 间距2.54mm 直插 托盘_20260205162343.png
2026-02-05 16:23:44,012 - __main__ - INFO - 二维码生成成功：static/qrcode/QR_41_抽屉式 上接 P数10P 间距0.5mm_20260205162344.png
2026-02-05 16:23:44,217 - __main__ - INFO - 二维码生成成功：static/qrcode/QR_40_永佳润 高纯度体验版 焊锡丝1.2mm_40G_20260205162344.png
2026-02-05 16:23:44,509 - __main__ - INFO - 二维码生成成功：static/qrcode/QR_39_永佳润 高纯度体验版 焊锡丝0.6mm_40G_20260205162344.png
2026-02-05 16:23:44,633 - __main__ - INFO - 二维码生成成功：static/qrcode/QR_38_亚润松香助焊剂 纯度高电焊松香_20260205162344.png
2026-02-05 16:23:44,847 - __main__ - INFO - 二维码生成成功：static/qrcode/QR_37_1个P沟道 耐压30V 电流4.2A_20260205162344.png
2026-02-05 16:23:45,084 - __main__ - INFO - 二维码生成成功：static/qrcode/QR_36_1个N沟道 耐压30V 电流5.8A_20260205162344.png
2026-02-05 16:23:45,259 - __main__ - INFO - 二维码生成成功：static/qrcode/QR_35_500mA线性锂离子电池充电器_20260205162345.png
2026-02-05 16:23:45,393 - __main__ - INFO - 二维码生成成功：static/qrcode/QR_34_YSX321SL 32MHZ 4P 3225 12PF ±10PPM -40~85℃_20260205162345.png
2026-02-05 16:23:45,650 - __main__ - INFO - 二维码生成成功：static/qrcode/QR_33_YSX321SL 12MHZ 4P 3225 20PF ±10PPM -40~85℃_20260205162345.png
2026-02-05 16:23:45,849 - __main__ - INFO - 二维码生成成功：static/qrcode/QR_32_YSX321SL 8MHZ 4P 3225 20PF ±10PPM -40~85℃_20260205162345.png
2026-02-05 16:23:46,105 - __main__ - INFO - 二维码生成成功：static/qrcode/QR_31_电压40V 电流1A_20260205162345.png
2026-02-05 16:23:46,289 - __main__ - INFO - 二维码生成成功：static/qrcode/QR_30_开关二极管_20260205162346.png
2026-02-05 16:23:46,512 - __main__ - INFO - 二维码生成成功：static/qrcode/QR_29_hFE:200-350 NPN 电流500mA 电压25V_20260205162346.png
2026-02-05 16:23:46,610 - __main__ - INFO - 二维码生成成功：static/qrcode/QR_28_H档200-350 PNP 电流1.5A 电压25V_20260205162346.png
2026-02-05 16:23:47,095 - __main__ - INFO - 二维码生成成功：static/qrcode/QR_27_hFE:100-300 NPN 电流200mA 电压40V_20260205162346.png
2026-02-05 16:23:47,369 - __main__ - INFO - 二维码生成成功：static/qrcode/QR_26_1kV 电流1A_20260205162347.png
2026-02-05 16:23:47,595 - __main__ - INFO - 二维码生成成功：static/qrcode/QR_25_1x6P 间距2mm 直插 PH系列_20260205162347.png
2026-02-05 16:23:47,753 - __main__ - INFO - 二维码生成成功：static/qrcode/QR_24_1x2P 间距2.5mm 直插 XH系列_20260205162347.png
2026-02-05 16:23:47,848 - __main__ - INFO - 二维码生成成功：static/qrcode/QR_23_1x2P 间距2mm 直插 PH系列_20260205162347.png
2026-02-05 16:23:47,941 - __main__ - INFO - 二维码生成成功：static/qrcode/QR_22_1x4P 间距2.5mm 直插 XH系列_20260205162347.png
2026-02-05 16:23:48,057 - __main__ - INFO - 二维码生成成功：static/qrcode/QR_21_1x6P 间距2.54mm 直插_20260205162348.png
2026-02-05 16:23:48,237 - __main__ - INFO - 二维码生成成功：static/qrcode/QR_20_FFC排线0.5mm 4P总长100mm 同向 金手指4p_20260205162348.png
2026-02-05 16:23:48,400 - __main__ - INFO - 二维码生成成功：static/qrcode/QR_19_UMW SN74LVC1G3157 二选一模拟开关电路_20260205162348.png
2026-02-05 16:23:48,533 - __main__ - INFO - 二维码生成成功：static/qrcode/QR_18_3.3V 电流1A 耐压12V_20260205162348.png
2026-02-05 16:23:48,669 - __main__ - INFO - 二维码生成成功：static/qrcode/QR_17_1.1MHz、85μA、CMOS、轨到轨输入输出_20260205162348.png
2026-02-05 16:23:48,765 - __main__ - INFO - 二维码生成成功：static/qrcode/QR_16_NPN 电流1.5A 电压25V_20260205162348.png
2026-02-05 16:23:48,874 - __main__ - INFO - 二维码生成成功：static/qrcode/QR_15_1x2P 间距1.25mm 立贴 MX1.25系列_20260205162348.png
2026-02-05 16:23:48,954 - __main__ - INFO - 二维码生成成功：static/qrcode/QR_14_翻盖式下接 8P 间距0.5mm_20260205162348.png
2026-02-05 16:23:49,019 - __main__ - INFO - 二维码生成成功：static/qrcode/QR_13_1x16P 间距2.54mm 直插_20260205162349.png
2026-02-05 16:23:49,083 - __main__ - INFO - 二维码生成成功：static/qrcode/QR_12_1x3P 间距5.08mm 排数1 每排3P_20260205162349.png
2026-02-05 16:23:49,147 - __main__ - INFO - 二维码生成成功：static/qrcode/QR_11_1x3P 间距2.5mm 卧贴 XH系列_20260205162349.png
2026-02-05 16:23:49,211 - __main__ - INFO - 二维码生成成功：static/qrcode/QR_10_5V截止 峰值浪涌电流4.7A@8_20us_20260205162349.png
2026-02-05 16:23:49,259 - __main__ - INFO - 二维码生成成功：static/qrcode/QR_9_3.3V 电流500mA 耐压7V_20260205162349.png
2026-02-05 16:23:49,311 - __main__ - INFO - 二维码生成成功：static/qrcode/QR_8_TVS 12V 7V截止 峰值浪涌电流17A@8_20us_20260205162349.png
2026-02-05 16:23:49,362 - __main__ - INFO - 二维码生成成功：static/qrcode/QR_7_双向TVS 24V截止 峰值脉冲电流15.4A_20260205162349.png
2026-02-05 16:23:49,405 - __main__ - INFO - 二维码生成成功：static/qrcode/QR_6_3.3V 耐压6V_20260205162349.png
2026-02-05 16:23:49,449 - __main__ - INFO - 二维码生成成功：static/qrcode/QR_5_CMOS，轨到轨通用放大器_20260205162349.png
2026-02-05 16:23:49,493 - __main__ - INFO - 二维码生成成功：static/qrcode/QR_4_单路 阻抗1kΩ@100MHz_20260205162349.png
2026-02-05 16:23:49,539 - __main__ - INFO - 二维码生成成功：static/qrcode/QR_3_3.3V 电流200mA 耐压6V_20260205162349.png
2026-02-05 16:23:49,583 - __main__ - INFO - 二维码生成成功：static/qrcode/QR_2_6MHz 轨到轨I_O输出，CMOS_20260205162349.png
2026-02-05 16:23:49,628 - __main__ - INFO - 二维码生成成功：static/qrcode/QR_1_NPN 电流200mA 电压40V_20260205162349.png
2026-02-05 16:23:49,628 - __main__ - INFO - BOM导入完成：新增77，合并0，覆盖0，跳过0，总计77
2026-02-05 16:23:49,636 - werkzeug - INFO - 127.0.0.1 - - [05/Feb/2026 16:23:49] "POST /do_bom_import HTTP/1.1" 200 -
2026-02-05 16:23:56,330 - werkzeug - INFO - 127.0.0.1 - - [05/Feb/2026 16:23:56] "GET /?selected=&kw= HTTP/1.1" 200 -
2026-02-05 16:26:06,584 - __main__ - INFO - 数据库表初始化完成
2026-02-05 16:26:06,585 - __main__ - INFO - component表存在
2026-02-05 16:26:06,587 - __main__ - INFO - component表列: ['id', 'category', 'type', 'model', 'package', 'supplier', 'quantity', 'unit', 'location', 'price', 'buy_time', 'channel', 'remark', 'img_path', 'attach_path', 'qrcode_path']
2026-02-05 16:26:07,852 - werkzeug - INFO - [31m[1mWARNING: This is a development server. Do not use it in a production deployment. Use a production WSGI server instead.[0m
 * Running on all addresses (0.0.0.0)
 * Running on http://127.0.0.1:5000
 * Running on http://192.168.3.51:5000
2026-02-05 16:26:07,852 - werkzeug - INFO - [33mPress CTRL+C to quit[0m
2026-02-05 16:26:10,233 - werkzeug - INFO - 127.0.0.1 - - [05/Feb/2026 16:26:10] "GET / HTTP/1.1" 200 -
2026-02-05 16:26:49,601 - __main__ - INFO - 数据库表初始化完成
2026-02-05 16:26:49,602 - __main__ - INFO - component表存在
2026-02-05 16:26:49,603 - __main__ - INFO - component表列: ['id', 'category', 'type', 'model', 'package', 'supplier', 'quantity', 'unit', 'location', 'price', 'buy_time', 'channel', 'remark', 'img_path', 'attach_path', 'qrcode_path']
2026-02-05 16:26:50,869 - werkzeug - INFO - [31m[1mWARNING: This is a development server. Do not use it in a production deployment. Use a production WSGI server instead.[0m
 * Running on all addresses (0.0.0.0)
 * Running on http://127.0.0.1:5000
 * Running on http://192.168.3.51:5000
2026-02-05 16:26:50,870 - werkzeug - INFO - [33mPress CTRL+C to quit[0m
2026-02-05 16:26:53,180 - werkzeug - INFO - 127.0.0.1 - - [05/Feb/2026 16:26:53] "GET / HTTP/1.1" 200 -
2026-02-05 16:26:58,007 - __main__ - INFO - 数据库中有效文件数：77
2026-02-05 16:26:58,085 - __main__ - INFO - 残留文件清理完成：图片0个，附件0个，二维码119个，总计119个
2026-02-05 16:26:58,086 - werkzeug - INFO - 127.0.0.1 - - [05/Feb/2026 16:26:58] "[32mGET /clean_residual HTTP/1.1[0m" 302 -
2026-02-05 16:26:58,134 - werkzeug - INFO - 127.0.0.1 - - [05/Feb/2026 16:26:58] "GET /?selected=&kw= HTTP/1.1" 200 -
2026-02-05 16:28:05,834 - werkzeug - INFO - 127.0.0.1 - - [05/Feb/2026 16:28:05] "POST /export?kw= HTTP/1.1" 200 -
2026-02-05 16:28:17,527 - werkzeug - INFO - 127.0.0.1 - - [05/Feb/2026 16:28:17] "POST /export?kw= HTTP/1.1" 200 -
